DATA_COMPRA,COD_CLIENTE,COD_PRODUTO,NOME_PRODUTO
20200515,9O6FUG01,25354,"TELEVISOR SMART 32"" UN32J4290 SAMSUNG        "
20200515,99CQIC01,25699,RADIO AUTOMOTIVO P3336 POP BT 4X25W PT       
20200515,99CQIC01,21823,PEN DRIVE SONY R 8GB USMRGR                  
20200515,36974401,25699,RADIO AUTOMOTIVO P3336 POP BT 4X25W PT       
20200515,YZ367001,25699,RADIO AUTOMOTIVO P3336 POP BT 4X25W PT       
20200515,KKDHUE01,25699,RADIO AUTOMOTIVO P3336 POP BT 4X25W PT       
20200514,99LTF301,25699,RADIO AUTOMOTIVO P3336 POP BT 4X25W PT       
20200514,9NZANX01,25699,RADIO AUTOMOTIVO P3336 POP BT 4X25W PT       
20200514,YZ0I4K01,25699,RADIO AUTOMOTIVO P3336 POP BT 4X25W PT       
20200513,YZ255301,25699,RADIO AUTOMOTIVO P3336 POP BT 4X25W PT       
20200513,YZ0I4K01,25995,"TELEVISOR 24"" S1300 L1850 HD LED SEMP TCL    "
20200513,9ODLCX01,25699,RADIO AUTOMOTIVO P3336 POP BT 4X25W PT       
20200513,04730901,25699,RADIO AUTOMOTIVO P3336 POP BT 4X25W PT       
20200513,99GKDE01,25699,RADIO AUTOMOTIVO P3336 POP BT 4X25W PT       
20200512,31168801,25699,RADIO AUTOMOTIVO P3336 POP BT 4X25W PT       
20200512,9OK5J801,25699,RADIO AUTOMOTIVO P3336 POP BT 4X25W PT       
20200511,29617001,25699,RADIO AUTOMOTIVO P3336 POP BT 4X25W PT       
20200510,99MEQB01,25435,TABLET NB732 MINI MS50X PRETO                
20200509,24263801,25580,SMARTPHONE SAMSUNG GAL J6 PLUS 32GB PRETO    
20200509,9OG4Y201,21823,PEN DRIVE SONY R 8GB USMRGR                  
20200509,99EHR401,26528,SMARTPHONE LG K40S LMX430 BMW AZUL           
20200508,YZ0MA701,25699,RADIO AUTOMOTIVO P3336 POP BT 4X25W PT       
20200508,KKDHUE01,26325,"TELEVISOR SMART 43"" 43S5300 HD BLUET SEMP TCL"
20200508,46079001,25699,RADIO AUTOMOTIVO P3336 POP BT 4X25W PT       
20200508,46079001,26424,CAIXA AMPLIFICADA MCO-09 MULTI CONNECT       
20200508,99I2TC01,25726,SMARTPHONE SAMSUNG GAL J2 CORE 16GB PRETO    
20200508,99GKDE01,26324,"TELEVISOR SMART 32"" 32S5300 HD BLUET SEMP TCL"
20200507,9OQUDB01,25699,RADIO AUTOMOTIVO P3336 POP BT 4X25W PT       
20200507,99BYFE01,26588,BOX LINE OCM 4112 PT ONEAL                   
20200506,9NZMSR01,26545,SMARTPHONE SAMSUNG GAL A10S 32GB AZUL        
20200506,99KKIB01,25729,SMARTPHONE SAMSUNG GAL J4 CORE 16GB COBRE    
20200506,9OQUDB01,26527,SMARTPHONE LG K40S LMX430 BMW PRETO          
20200505,99CLYM01,25699,RADIO AUTOMOTIVO P3336 POP BT 4X25W PT       
20200505,20744301,26569,SMARTPHONE SAMSUNG GAL A10S 32GB PRETO       
20200502,50009401,24377,RADIO CJ98 ABRALLK LG                        
20200502,43974801,25699,RADIO AUTOMOTIVO P3336 POP BT 4X25W PT       
20200502,20744301,25238,TABLET NB711 MS60 DOURADO/BRANCO MULTILASER  
20200430,9OQSWB01,25699,RADIO AUTOMOTIVO P3336 POP BT 4X25W PT       
20200430,43974801,26582,SMARTPHONE MOTOROLA MOTO G8 PLAY 32GB VERM   
20200430,9OF0I101,25699,RADIO AUTOMOTIVO P3336 POP BT 4X25W PT       
20200430,48598201,25995,"TELEVISOR 24"" S1300 L1850 HD LED SEMP TCL    "
20200429,9O3GFT01,25699,RADIO AUTOMOTIVO P3336 POP BT 4X25W PT       
20200427,99E9L901,25699,RADIO AUTOMOTIVO P3336 POP BT 4X25W PT       
20200427,99NE8A01,25699,RADIO AUTOMOTIVO P3336 POP BT 4X25W PT       
20200426,69049201,26525,SMARTPHONE LG K12 MAX AZUL                   
20200426,99MEQB01,25996,"TELEVISOR 32"" 32S6500S HD LED SEMP TCL       "
20200425,99BDOF01,26013,SMARTPHONE SAMSUNG GAL A50  A505 64GB BRANCO 
20200425,99GRQK01,25699,RADIO AUTOMOTIVO P3336 POP BT 4X25W PT       
20200425,9O67DC01,25699,RADIO AUTOMOTIVO P3336 POP BT 4X25W PT       
20200425,9NXFO201,26569,SMARTPHONE SAMSUNG GAL A10S 32GB PRETO       
20200425,99J96G01,25699,RADIO AUTOMOTIVO P3336 POP BT 4X25W PT       
20200425,46405001,26630,TABLET NB316 M7S 16GB QUAD CORE PRETO        
20200423,9OHFYD01,23804,CONJ.SC-AKX700LBK SOM 3X1 PANASONIC          
20200423,YZ0MPT01,25699,RADIO AUTOMOTIVO P3336 POP BT 4X25W PT       
20200421,99APQ201,25699,RADIO AUTOMOTIVO P3336 POP BT 4X25W PT       
20200420,99KKIB01,25435,TABLET NB732 MINI MS50X PRETO                
20200420,99EXZQ01,25699,RADIO AUTOMOTIVO P3336 POP BT 4X25W PT       
20200419,40251301,25699,RADIO AUTOMOTIVO P3336 POP BT 4X25W PT       
20200418,31168801,26525,SMARTPHONE LG K12 MAX AZUL                   
20200417,99ELS301,26584,SMARTPHONE MOTOROLA MOTO G8 PLUS 64GB CEREJA 
20200417,33930701,25699,RADIO AUTOMOTIVO P3336 POP BT 4X25W PT       
20200417,33930701,19729,PEN DRIVE 8GB PD587 TWIST PRETO              
20200416,9ODLCX01,26630,TABLET NB316 M7S 16GB QUAD CORE PRETO        
20200415,99QD8R01,25699,RADIO AUTOMOTIVO P3336 POP BT 4X25W PT       
20200412,63742501,25699,RADIO AUTOMOTIVO P3336 POP BT 4X25W PT       
20200408,99GKDE01,22506,ROTEADOR RE057 150MBPS 1 ANT.4PTS.LAN        
20200407,25782501,21653,SUPORTE TV UNIVERSAL LCD/LED 10 A 71 SBRUB750
20200402,99I2TC01,25579,SMARTPHONE SAMSUNG GAL J6 PLUS 32GB PRATA    
20200401,YZ0I4K01,25367,TABLET NB729 MINI MS40G BRANCO               
20200331,9O7AA401,25699,RADIO AUTOMOTIVO P3336 POP BT 4X25W PT       
20200321,99B3XN01,23447,REPETIDOR RE051 300MPS WPS MULTILASER        
20200321,99FZTU01,25699,RADIO AUTOMOTIVO P3336 POP BT 4X25W PT       
20200321,99F3V601,25699,RADIO AUTOMOTIVO P3336 POP BT 4X25W PT       
20200320,82898401,25699,RADIO AUTOMOTIVO P3336 POP BT 4X25W PT       
20200320,9OM1QN01,25699,RADIO AUTOMOTIVO P3336 POP BT 4X25W PT       
20200320,99D9H701,25699,RADIO AUTOMOTIVO P3336 POP BT 4X25W PT       
20200320,99D9H701,25580,SMARTPHONE SAMSUNG GAL J6 PLUS 32GB PRETO    
20200320,95670701,25242,PEN DRIVE MC163 2X1 LEITOR USB SD 32GB       
20200320,95670701,25699,RADIO AUTOMOTIVO P3336 POP BT 4X25W PT       
20200320,95670701,21823,PEN DRIVE SONY R 8GB USMRGR                  
20200320,50009401,25699,RADIO AUTOMOTIVO P3336 POP BT 4X25W PT       
20200319,99EO4001,25699,RADIO AUTOMOTIVO P3336 POP BT 4X25W PT       
20200318,9OK4Y101,25699,RADIO AUTOMOTIVO P3336 POP BT 4X25W PT       
20200318,9O0VQ801,23777,RADIO RECEPTOR RM-PUSM81AC USB               
20200317,99M8Y401,25699,RADIO AUTOMOTIVO P3336 POP BT 4X25W PT       
20200317,99HSUU01,25699,RADIO AUTOMOTIVO P3336 POP BT 4X25W PT       
20200317,9OMHOE01,26432,AUTO RADIO AR-06 PRETO                       
20200317,9OMHOE01,25699,RADIO AUTOMOTIVO P3336 POP BT 4X25W PT       
20200317,9OMHOE01,21653,SUPORTE TV UNIVERSAL LCD/LED 10 A 71 SBRUB750
20200317,999NCK01,25699,RADIO AUTOMOTIVO P3336 POP BT 4X25W PT       
20200317,58238001,26635,CELULAR SEMP GO 1E 2G COM BASE PRETO         
20200316,19059201,25185,"TELEVISOR SMART 55"" 4K UN55NU7400 SAMSUNG    "
20200316,61915601,22299,CAIXA ACUSTICA PHT3000 PHILCO                
20200314,33698801,25699,RADIO AUTOMOTIVO P3336 POP BT 4X25W PT       
20200314,11600201,25699,RADIO AUTOMOTIVO P3336 POP BT 4X25W PT       
20200313,YZ0DCJ01,25699,RADIO AUTOMOTIVO P3336 POP BT 4X25W PT       
20200312,99AV8501,25699,RADIO AUTOMOTIVO P3336 POP BT 4X25W PT       
20200311,07147801,25699,RADIO AUTOMOTIVO P3336 POP BT 4X25W PT       
20200310,9NYQO701,25699,RADIO AUTOMOTIVO P3336 POP BT 4X25W PT       
20200310,99FD1601,25699,RADIO AUTOMOTIVO P3336 POP BT 4X25W PT       
20200310,99FD1601,26424,CAIXA AMPLIFICADA MCO-09 MULTI CONNECT       
20200310,99EP6701,25699,RADIO AUTOMOTIVO P3336 POP BT 4X25W PT       
20200309,99K7LG01,25699,RADIO AUTOMOTIVO P3336 POP BT 4X25W PT       
20200309,9OCPCL01,25699,RADIO AUTOMOTIVO P3336 POP BT 4X25W PT       
20200309,84846901,25699,RADIO AUTOMOTIVO P3336 POP BT 4X25W PT       
20200309,00530901,25699,RADIO AUTOMOTIVO P3336 POP BT 4X25W PT       
20200309,42104501,25699,RADIO AUTOMOTIVO P3336 POP BT 4X25W PT       
20200309,53653701,25676,SMARTPHONE MOTOROLA MOTO G7 PLAY XT1952-5 DR 
20200308,9OD9WT01,25699,RADIO AUTOMOTIVO P3336 POP BT 4X25W PT       
20200308,9OPKHZ01,26548,SMARTPHONE SAMSUNG GAL A10S 32GB VERMELHO    
20200307,34408301,25699,RADIO AUTOMOTIVO P3336 POP BT 4X25W PT       
20200307,99INAZ01,26386,SMARTPHONE LG K8 PLUS AZUL                   
20200307,18109301,25699,RADIO AUTOMOTIVO P3336 POP BT 4X25W PT       
20200307,91829801,26432,AUTO RADIO AR-06 PRETO                       
20200306,YZ097701,25699,RADIO AUTOMOTIVO P3336 POP BT 4X25W PT       
20200305,16185601,25699,RADIO AUTOMOTIVO P3336 POP BT 4X25W PT       
20200305,9O7ZF601,25699,RADIO AUTOMOTIVO P3336 POP BT 4X25W PT       
20200305,48833201,25699,RADIO AUTOMOTIVO P3336 POP BT 4X25W PT       
20200305,53292101,25699,RADIO AUTOMOTIVO P3336 POP BT 4X25W PT       
20200304,99JCT701,25699,RADIO AUTOMOTIVO P3336 POP BT 4X25W PT       
20200304,93841301,25699,RADIO AUTOMOTIVO P3336 POP BT 4X25W PT       
20200304,97449601,25699,RADIO AUTOMOTIVO P3336 POP BT 4X25W PT       
20200304,9O5DPM01,25699,RADIO AUTOMOTIVO P3336 POP BT 4X25W PT       
20200302,9OFT3301,25703,CAIXA AMPLIFICADA CM-13 BIVOLT BLUETOOTH     
20200302,99FSEQ01,25699,RADIO AUTOMOTIVO P3336 POP BT 4X25W PT       
20200302,99FQ1Z01,25699,RADIO AUTOMOTIVO P3336 POP BT 4X25W PT       
20200302,99ANIW01,25699,RADIO AUTOMOTIVO P3336 POP BT 4X25W PT       
20200228,99CRHV01,25699,RADIO AUTOMOTIVO P3336 POP BT 4X25W PT       
20200228,99GWKQ01,25699,RADIO AUTOMOTIVO P3336 POP BT 4X25W PT       
20200228,9NXAJE01,25699,RADIO AUTOMOTIVO P3336 POP BT 4X25W PT       
20200227,99J04401,25699,RADIO AUTOMOTIVO P3336 POP BT 4X25W PT       
20200227,46878001,25186,"TELEVISOR SMART 55"" 4K UN55NU7100 SAMSUNG    "
20200227,9O0OC101,25738,"TELEVISOR SMART 43"" PTV43E60SN LED PHILCO    "
20200226,62445701,25699,RADIO AUTOMOTIVO P3336 POP BT 4X25W PT       
20200222,18117601,25699,RADIO AUTOMOTIVO P3336 POP BT 4X25W PT       
20200222,99GZPI01,25245,TABLET NB731 MINI MS50G DOURADO/BRANCO       
20200222,02218101,25699,RADIO AUTOMOTIVO P3336 POP BT 4X25W PT       
20200221,99KUNS01,25699,RADIO AUTOMOTIVO P3336 POP BT 4X25W PT       
20200221,50154201,25726,SMARTPHONE SAMSUNG GAL J2 CORE 16GB PRETO    
20200221,99BKSU01,25699,RADIO AUTOMOTIVO P3336 POP BT 4X25W PT       
20200221,YZ01NN01,25699,RADIO AUTOMOTIVO P3336 POP BT 4X25W PT       
20200220,99JDLF01,25699,RADIO AUTOMOTIVO P3336 POP BT 4X25W PT       
20200220,21365001,25241,PEN DRIVE MC162 2X1 LEITOR USB SD 16GB       
20200220,21365001,25699,RADIO AUTOMOTIVO P3336 POP BT 4X25W PT       
20200220,03274001,25699,RADIO AUTOMOTIVO P3336 POP BT 4X25W PT       
20200220,83544001,26247,SMARTPHONE LG K8 PLUS PRETO                  
20200219,03806101,25699,RADIO AUTOMOTIVO P3336 POP BT 4X25W PT       
20200219,02188001,25699,RADIO AUTOMOTIVO P3336 POP BT 4X25W PT       
20200219,58738001,25699,RADIO AUTOMOTIVO P3336 POP BT 4X25W PT       
20200218,78987301,25303,"TELEVISOR SMART 32"" TC32FS500B PANASONIC     "
20200218,78987301,26243,SUPORTE UNIV. BEDIN BU-25                    
20200218,99MDBJ01,22752,CELULAR RIU FLIP 2.4 DB DOURADO              
20200218,999EIZ01,25699,RADIO AUTOMOTIVO P3336 POP BT 4X25W PT       
20200218,99D9CO01,26243,SUPORTE UNIV. BEDIN BU-25                    
20200217,45267801,25699,RADIO AUTOMOTIVO P3336 POP BT 4X25W PT       
20200217,45267801,15559,PEN DRIVE 8GB PD787 TWIST AZUL               
20200214,9OCPCL01,25933,TABLET NB304 M7 3G PLUS QUAD CORE PRETO      
20200214,25486501,25726,SMARTPHONE SAMSUNG GAL J2 CORE 16GB PRETO    
20200213,9ODHYX01,25240,PEN DRIVE MC161 2X1 LEITOR USB SD 8G         
20200213,20921001,26432,AUTO RADIO AR-06 PRETO                       
20200213,20921001,25699,RADIO AUTOMOTIVO P3336 POP BT 4X25W PT       
20200212,9NZW8H01,22086,PEN DRIVE SONY R 16GB USMRGR                 
20200212,YYZW7001,25699,RADIO AUTOMOTIVO P3336 POP BT 4X25W PT       
20200211,9OHO6M01,25699,RADIO AUTOMOTIVO P3336 POP BT 4X25W PT       
20200211,99BW0201,25699,RADIO AUTOMOTIVO P3336 POP BT 4X25W PT       
20200206,9NY62701,26580,SMARTPHONE MOTOROLA MOTO E6 PLAY 32GB AZUL   
20200206,91711901,25681,SMARTPHONE MOTOROLA MOTO G7 PLUS XT1965-2 IND
20200206,9O0IV701,23783,RADIO CJ44 ABRALLK LG                        
20200205,9OAVWF01,25699,RADIO AUTOMOTIVO P3336 POP BT 4X25W PT       
20200203,99E9DV01,25699,RADIO AUTOMOTIVO P3336 POP BT 4X25W PT       
20200203,9OGVV801,21647,DVD D-15 KARAOKE MONDIAL                     
20200203,45497101,25699,RADIO AUTOMOTIVO P3336 POP BT 4X25W PT       
20200203,9O6ULD01,26580,SMARTPHONE MOTOROLA MOTO E6 PLAY 32GB AZUL   
20200203,9ONYRC01,26578,SMARTPHONE MOTOROLA MOTO E6 PLUS 64GB AZ NET 
20200203,YYZQO801,25699,RADIO AUTOMOTIVO P3336 POP BT 4X25W PT       
20200201,YYZPUE01,25699,RADIO AUTOMOTIVO P3336 POP BT 4X25W PT       
20200201,99B3XN01,25699,RADIO AUTOMOTIVO P3336 POP BT 4X25W PT       
20200131,85754201,25999,RADIO AUTOMOTIVO P3335 POP 1 4X25WRMS PT     
20200129,83173501,21821,PEN DRIVE NANO 16GB PD054 PRETO              
20200127,9OM1QN01,21821,PEN DRIVE NANO 16GB PD054 PRETO              
20200127,YYZM9D01,25699,RADIO AUTOMOTIVO P3336 POP BT 4X25W PT       
20200125,99EKDS01,25172,SMARTPHONE LG K9 TV LM-X210BMW PRETO         
20200124,YYZL4B01,25699,RADIO AUTOMOTIVO P3336 POP BT 4X25W PT       
20200123,99DBVH01,25303,"TELEVISOR SMART 32"" TC32FS500B PANASONIC     "
20200122,99MB7D01,26527,SMARTPHONE LG K40S LMX430 BMW PRETO          
20200121,9OHFYD01,26460,CAIXA DE SOM AMPLIF.TROLLEY 8 POL SP329      
20200118,9NY62701,25699,RADIO AUTOMOTIVO P3336 POP BT 4X25W PT       
20200117,99BLQ601,21821,PEN DRIVE NANO 16GB PD054 PRETO              
20200117,99BLQ601,25699,RADIO AUTOMOTIVO P3336 POP BT 4X25W PT       
20200116,36974401,26243,SUPORTE UNIV. BEDIN BU-25                    
20200115,46728001,26243,SUPORTE UNIV. BEDIN BU-25                    
20200115,99CLYM01,26222,CELULAR INFINITY W201 PRETO                  
20200115,99CLYM01,26222,CELULAR INFINITY W201 PRETO                  
20200114,99BUWY01,25699,RADIO AUTOMOTIVO P3336 POP BT 4X25W PT       
20200113,99DVZI01,25699,RADIO AUTOMOTIVO P3336 POP BT 4X25W PT       
20200113,67404601,25366,TABLET NB728 MINI MS40G PRETO                
20200113,YYZE2801,25699,RADIO AUTOMOTIVO P3336 POP BT 4X25W PT       
20200110,26748301,25699,RADIO AUTOMOTIVO P3336 POP BT 4X25W PT       
20200109,99BYFE01,25699,RADIO AUTOMOTIVO P3336 POP BT 4X25W PT       
20200109,9O2PCE01,25699,RADIO AUTOMOTIVO P3336 POP BT 4X25W PT       
20200109,09186801,25699,RADIO AUTOMOTIVO P3336 POP BT 4X25W PT       
20200109,YYZBDV01,25699,RADIO AUTOMOTIVO P3336 POP BT 4X25W PT       
20200108,99MFIM01,25699,RADIO AUTOMOTIVO P3336 POP BT 4X25W PT       
20200108,19896601,25699,RADIO AUTOMOTIVO P3336 POP BT 4X25W PT       
20200108,50154201,25545,"TELEVISOR SMART 40"" TC40FS600B PANASONIC     "
20200107,999FEU01,15558,PEN DRIVE 8GB PD687 TWIST ROSA               
20200107,9OLRDY01,25699,RADIO AUTOMOTIVO P3336 POP BT 4X25W PT       
20200107,99H1N901,26432,AUTO RADIO AR-06 PRETO                       
20200107,85754201,25699,RADIO AUTOMOTIVO P3336 POP BT 4X25W PT       
20200107,YYZ9NG01,25699,RADIO AUTOMOTIVO P3336 POP BT 4X25W PT       
20200106,YYZ99401,21603,DVD D-14 GAME STAR II MONDIAL                
20200106,YYZ99401,25699,RADIO AUTOMOTIVO P3336 POP BT 4X25W PT       
20200106,14981601,25699,RADIO AUTOMOTIVO P3336 POP BT 4X25W PT       
20200106,14981601,25699,RADIO AUTOMOTIVO P3336 POP BT 4X25W PT       
20200106,99I0D601,21256,CELULAR BLU TANK II T193 DB PRETO AZUL       
20200106,29989901,25982,SMARTPHONE SAMSUNG GAL A10  A105 32GB AZUL   
20200106,99MN3T01,25699,RADIO AUTOMOTIVO P3336 POP BT 4X25W PT       
20200106,28966901,25999,RADIO AUTOMOTIVO P3335 POP 1 4X25WRMS PT     
20200106,77239601,25699,RADIO AUTOMOTIVO P3336 POP BT 4X25W PT       
20200105,24827001,25699,RADIO AUTOMOTIVO P3336 POP BT 4X25W PT       
20200104,9OP5SB01,24042,CONJ.SC-UA3LB-K PANASONIC                    
20200104,11492601,25999,RADIO AUTOMOTIVO P3335 POP 1 4X25WRMS PT     
20200104,11492601,25999,RADIO AUTOMOTIVO P3335 POP 1 4X25WRMS PT     
20200104,9NZW8H01,25699,RADIO AUTOMOTIVO P3336 POP BT 4X25W PT       
20200104,99EVSA01,23802,BOOMBOX BX-19 BIVOLT UP DYNAMIC              
20200104,9OF7LT01,25727,SMARTPHONE SAMSUNG GAL J2 CORE 16GB PRATA    
20200104,9OF7LT01,25699,RADIO AUTOMOTIVO P3336 POP BT 4X25W PT       
20200104,9OF7LT01,25726,SMARTPHONE SAMSUNG GAL J2 CORE 16GB PRETO    
20200103,99CBIV01,25699,RADIO AUTOMOTIVO P3336 POP BT 4X25W PT       
20200103,02277801,25699,RADIO AUTOMOTIVO P3336 POP BT 4X25W PT       
20200103,YYZ7R901,25699,RADIO AUTOMOTIVO P3336 POP BT 4X25W PT       
20200102,99H0BU01,21823,PEN DRIVE SONY R 8GB USMRGR                  
20200102,9O2Y1701,25699,RADIO AUTOMOTIVO P3336 POP BT 4X25W PT       
20200102,9O0SN501,25699,RADIO AUTOMOTIVO P3336 POP BT 4X25W PT       
20191231,83544001,25699,RADIO AUTOMOTIVO P3336 POP BT 4X25W PT       
20191231,99K4M101,25699,RADIO AUTOMOTIVO P3336 POP BT 4X25W PT       
20191230,13375501,26003,SMARTPHONE SAMSUNG GAL A20  A205 32GB PRETO  
20191230,08695001,25699,RADIO AUTOMOTIVO P3336 POP BT 4X25W PT       
20191230,99E3WA01,25699,RADIO AUTOMOTIVO P3336 POP BT 4X25W PT       
20191230,99LL3H01,25699,RADIO AUTOMOTIVO P3336 POP BT 4X25W PT       
20191229,61915601,20782,NOTEBOOK X200MA CT204HCEL.D.C.2G H500 W8.1BR 
20191229,61915601,23802,BOOMBOX BX-19 BIVOLT UP DYNAMIC              
20191228,YYZ3NM01,25699,RADIO AUTOMOTIVO P3336 POP BT 4X25W PT       
20191228,YYZ3VS01,25699,RADIO AUTOMOTIVO P3336 POP BT 4X25W PT       
20191228,YYZ24001,25699,RADIO AUTOMOTIVO P3336 POP BT 4X25W PT       
20191228,9OJIMS01,25699,RADIO AUTOMOTIVO P3336 POP BT 4X25W PT       
20191228,99H0BU01,25699,RADIO AUTOMOTIVO P3336 POP BT 4X25W PT       
20191228,9OMEHS01,25699,RADIO AUTOMOTIVO P3336 POP BT 4X25W PT       
20191228,33432101,25699,RADIO AUTOMOTIVO P3336 POP BT 4X25W PT       
20191227,9OLGBA01,25699,RADIO AUTOMOTIVO P3336 POP BT 4X25W PT       
20191227,99H6D801,25699,RADIO AUTOMOTIVO P3336 POP BT 4X25W PT       
20191227,9NZ2YU01,25699,RADIO AUTOMOTIVO P3336 POP BT 4X25W PT       
20191226,YYZ1VQ01,25699,RADIO AUTOMOTIVO P3336 POP BT 4X25W PT       
20191226,99H1N901,25699,RADIO AUTOMOTIVO P3336 POP BT 4X25W PT       
20191226,91673701,25699,RADIO AUTOMOTIVO P3336 POP BT 4X25W PT       
20191224,99EMQF01,25729,SMARTPHONE SAMSUNG GAL J4 CORE 16GB COBRE    
20191224,99QD8R01,21603,DVD D-14 GAME STAR II MONDIAL                
20191224,63435201,25699,RADIO AUTOMOTIVO P3336 POP BT 4X25W PT       
20191224,9OR2V001,22932,CAIXA AMPLIFICADA MCO-04 MULT CONNECT MONDIAL
20191224,61915601,21874,RADIO AE1500X/78 PHILIPS                     
20191224,61915601,25670,AUTO RADIO MVH-S218BT PIONNER                
20191224,61915601,18941,CAMERA DIGITAL DSC WX80 W                    
20191223,999S6901,25699,RADIO AUTOMOTIVO P3336 POP BT 4X25W PT       
20191223,9NY6PQ01,25699,RADIO AUTOMOTIVO P3336 POP BT 4X25W PT       
20191223,03153301,25699,RADIO AUTOMOTIVO P3336 POP BT 4X25W PT       
20191223,99AUAE01,25699,RADIO AUTOMOTIVO P3336 POP BT 4X25W PT       
20191223,54486401,26006,SMARTPHONE SAMSUNG GAL A30 A305 64GB PRETO   
20191223,9OK1S501,25699,RADIO AUTOMOTIVO P3336 POP BT 4X25W PT       
20191223,32132301,25239,TABLET NB710 MS60 PRETO/PRATA MULTILASER     
20191222,61915601,25167,RADIO AUTOMOTIVO P3321 BLUETOOTH MULTILASER  
20191221,YYYZFC01,25699,RADIO AUTOMOTIVO P3336 POP BT 4X25W PT       
20191221,99MZ2H01,25699,RADIO AUTOMOTIVO P3336 POP BT 4X25W PT       
20191221,9NXFO201,25699,RADIO AUTOMOTIVO P3336 POP BT 4X25W PT       
20191221,99INAZ01,20599,ROTEADOR RE160 300 MBPS NOVO (05)            
20191221,9OLNVC01,25699,RADIO AUTOMOTIVO P3336 POP BT 4X25W PT       
20191221,9O4FN601,25699,RADIO AUTOMOTIVO P3336 POP BT 4X25W PT       
20191221,25265201,25699,RADIO AUTOMOTIVO P3336 POP BT 4X25W PT       
20191221,28966901,25167,RADIO AUTOMOTIVO P3321 BLUETOOTH MULTILASER  
20191220,71268601,25699,RADIO AUTOMOTIVO P3336 POP BT 4X25W PT       
20191220,9O7QZF01,25699,RADIO AUTOMOTIVO P3336 POP BT 4X25W PT       
20191220,93435801,26008,SMARTPHONE SAMSUNG GAL A30  A305 64GB BRANCO 
20191220,93435801,25729,SMARTPHONE SAMSUNG GAL J4 CORE 16GB COBRE    
20191220,9OLYIT01,25699,RADIO AUTOMOTIVO P3336 POP BT 4X25W PT       
20191220,9O8E7K01,25173,SMARTPHONE LG K9 TV LM-X210BMW INDIGO        
20191220,18117601,26004,SMARTPHONE SAMSUNG GAL A20  A205 32GB AZUL   
20191220,9OHRT901,25699,RADIO AUTOMOTIVO P3336 POP BT 4X25W PT       
20191220,99GKDE01,26243,SUPORTE UNIV. BEDIN BU-25                    
20191219,9O8XR801,25699,RADIO AUTOMOTIVO P3336 POP BT 4X25W PT       
20191219,38327501,25726,SMARTPHONE SAMSUNG GAL J2 CORE 16GB PRETO    
20191219,9OM03C01,25699,RADIO AUTOMOTIVO P3336 POP BT 4X25W PT       
20191219,12802201,25699,RADIO AUTOMOTIVO P3336 POP BT 4X25W PT       
20191219,25076201,25699,RADIO AUTOMOTIVO P3336 POP BT 4X25W PT       
20191219,06938601,25699,RADIO AUTOMOTIVO P3336 POP BT 4X25W PT       
20191219,90763601,25699,RADIO AUTOMOTIVO P3336 POP BT 4X25W PT       
20191219,90763601,21821,PEN DRIVE NANO 16GB PD054 PRETO              
20191219,79126901,25699,RADIO AUTOMOTIVO P3336 POP BT 4X25W PT       
20191218,YYYWXK01,25699,RADIO AUTOMOTIVO P3336 POP BT 4X25W PT       
20191218,63036601,25699,RADIO AUTOMOTIVO P3336 POP BT 4X25W PT       
20191218,60582001,25699,RADIO AUTOMOTIVO P3336 POP BT 4X25W PT       
20191218,60582001,25999,RADIO AUTOMOTIVO P3335 POP 1 4X25WRMS PT     
20191217,99BGU201,25699,RADIO AUTOMOTIVO P3336 POP BT 4X25W PT       
20191217,09431401,25699,RADIO AUTOMOTIVO P3336 POP BT 4X25W PT       
20191217,99DCAC01,25728,SMARTPHONE SAMSUNG GAL J4 CORE 16GB PRETO    
20191217,99MCFW01,25699,RADIO AUTOMOTIVO P3336 POP BT 4X25W PT       
20191216,999FEU01,25699,RADIO AUTOMOTIVO P3336 POP BT 4X25W PT       
20191216,11492601,25999,RADIO AUTOMOTIVO P3335 POP 1 4X25WRMS PT     
20191216,11492601,25699,RADIO AUTOMOTIVO P3336 POP BT 4X25W PT       
20191216,9O0OC101,20966,PEN DRIVE 32GB PD589 TWIST PRETO             
20191216,99D8ZG01,25983,SMARTPHONE SAMSUNG GAL A10  A105 32GB VERMELH
20191215,67404601,25366,TABLET NB728 MINI MS40G PRETO                
20191215,99I2TC01,25699,RADIO AUTOMOTIVO P3336 POP BT 4X25W PT       
20191214,YYYU8T01,25699,RADIO AUTOMOTIVO P3336 POP BT 4X25W PT       
20191214,99EVSA01,25699,RADIO AUTOMOTIVO P3336 POP BT 4X25W PT       
20191214,9OAELM01,25699,RADIO AUTOMOTIVO P3336 POP BT 4X25W PT       
20191214,9OQ8IX01,25699,RADIO AUTOMOTIVO P3336 POP BT 4X25W PT       
20191214,69529901,25699,RADIO AUTOMOTIVO P3336 POP BT 4X25W PT       
20191214,77568801,25699,RADIO AUTOMOTIVO P3336 POP BT 4X25W PT       
20191214,82094001,25699,RADIO AUTOMOTIVO P3336 POP BT 4X25W PT       
20191213,9O93RW01,25699,RADIO AUTOMOTIVO P3336 POP BT 4X25W PT       
20191213,77568801,26432,AUTO RADIO AR-06 PRETO                       
20191213,9OKI7N01,25699,RADIO AUTOMOTIVO P3336 POP BT 4X25W PT       
20191213,9O13AG01,25582,SMARTPHONE LG K11 PLUS DB DOURADO            
20191213,9OMQ8201,25699,RADIO AUTOMOTIVO P3336 POP BT 4X25W PT       
20191213,YYYSXZ01,25699,RADIO AUTOMOTIVO P3336 POP BT 4X25W PT       
20191213,YYYT5D01,25699,RADIO AUTOMOTIVO P3336 POP BT 4X25W PT       
20191212,63435201,25699,RADIO AUTOMOTIVO P3336 POP BT 4X25W PT       
20191212,77568801,25999,RADIO AUTOMOTIVO P3335 POP 1 4X25WRMS PT     
20191212,9ONI1Q01,25699,RADIO AUTOMOTIVO P3336 POP BT 4X25W PT       
20191212,99IHZW01,25699,RADIO AUTOMOTIVO P3336 POP BT 4X25W PT       
20191211,85761101,25699,RADIO AUTOMOTIVO P3336 POP BT 4X25W PT       
20191211,54066301,25729,SMARTPHONE SAMSUNG GAL J4 CORE 16GB COBRE    
20191211,20744301,25699,RADIO AUTOMOTIVO P3336 POP BT 4X25W PT       
20191211,20744301,26424,CAIXA AMPLIFICADA MCO-09 MULTI CONNECT       
20191210,82420601,25699,RADIO AUTOMOTIVO P3336 POP BT 4X25W PT       
20191210,99KB3N01,25996,"TELEVISOR 32"" 32S6500S HD LED SEMP TCL       "
20191210,99KB3N01,25981,SMARTPHONE SAMSUNG GAL A10  A105 32GB PRETO  
20191210,76299301,25699,RADIO AUTOMOTIVO P3336 POP BT 4X25W PT       
20191209,99M2TM01,25699,RADIO AUTOMOTIVO P3336 POP BT 4X25W PT       
20191209,99BZH701,25699,RADIO AUTOMOTIVO P3336 POP BT 4X25W PT       
20191209,99BZH701,26431,CAIXA DE SOM SK-05 VIBE PLUS SPEAKER BIVOLT  
20191209,76516201,25699,RADIO AUTOMOTIVO P3336 POP BT 4X25W PT       
20191209,99B3HA01,25730,SMARTPHONE SAMSUNG GAL J4 CORE 16GB AZUL     
20191209,99CN9K01,25699,RADIO AUTOMOTIVO P3336 POP BT 4X25W PT       
20191209,18326001,25699,RADIO AUTOMOTIVO P3336 POP BT 4X25W PT       
20191209,85668201,25699,RADIO AUTOMOTIVO P3336 POP BT 4X25W PT       
20191207,YYYP6I01,25699,RADIO AUTOMOTIVO P3336 POP BT 4X25W PT       
20191207,99LGCU01,25699,RADIO AUTOMOTIVO P3336 POP BT 4X25W PT       
20191207,99MDBJ01,25983,SMARTPHONE SAMSUNG GAL A10  A105 32GB VERMELH
20191207,99MDBJ01,25729,SMARTPHONE SAMSUNG GAL J4 CORE 16GB COBRE    
20191207,99F5GF01,25699,RADIO AUTOMOTIVO P3336 POP BT 4X25W PT       
20191207,98479001,25699,RADIO AUTOMOTIVO P3336 POP BT 4X25W PT       
20191207,99ER6G01,25699,RADIO AUTOMOTIVO P3336 POP BT 4X25W PT       
20191206,YYYNZ901,25699,RADIO AUTOMOTIVO P3336 POP BT 4X25W PT       
20191206,9O3G7601,25699,RADIO AUTOMOTIVO P3336 POP BT 4X25W PT       
20191206,46723101,26431,CAIXA DE SOM SK-05 VIBE PLUS SPEAKER BIVOLT  
20191206,39695301,25699,RADIO AUTOMOTIVO P3336 POP BT 4X25W PT       
20191206,67518601,25699,RADIO AUTOMOTIVO P3336 POP BT 4X25W PT       
20191206,9OPI3K01,26432,AUTO RADIO AR-06 PRETO                       
20191206,78731401,25998,"TELEVISOR 43"" 43S6500FS FULL HD SEMP TCL     "
20191205,99MK5Y01,25699,RADIO AUTOMOTIVO P3336 POP BT 4X25W PT       
20191205,99K2DU01,25699,RADIO AUTOMOTIVO P3336 POP BT 4X25W PT       
20191204,70310801,25699,RADIO AUTOMOTIVO P3336 POP BT 4X25W PT       
20191204,46539601,23804,CONJ.SC-AKX700LBK SOM 3X1 PANASONIC          
20191204,9OLYIT01,25699,RADIO AUTOMOTIVO P3336 POP BT 4X25W PT       
20191204,91022801,25699,RADIO AUTOMOTIVO P3336 POP BT 4X25W PT       
20191204,9OAN6101,25699,RADIO AUTOMOTIVO P3336 POP BT 4X25W PT       
20191203,99K4RB01,26004,SMARTPHONE SAMSUNG GAL A20  A205 32GB AZUL   
20191203,9OMD1G01,25699,RADIO AUTOMOTIVO P3336 POP BT 4X25W PT       
20191203,9OMD1G01,25999,RADIO AUTOMOTIVO P3335 POP 1 4X25WRMS PT     
20191203,9NYIVT01,25699,RADIO AUTOMOTIVO P3336 POP BT 4X25W PT       
20191203,99DNTL01,25699,RADIO AUTOMOTIVO P3336 POP BT 4X25W PT       
20191202,9NZST401,25699,RADIO AUTOMOTIVO P3336 POP BT 4X25W PT       
20191202,21894601,25699,RADIO AUTOMOTIVO P3336 POP BT 4X25W PT       
20191202,86359001,25699,RADIO AUTOMOTIVO P3336 POP BT 4X25W PT       
20191202,9O9LQT01,25699,RADIO AUTOMOTIVO P3336 POP BT 4X25W PT       
20191201,YYYKFH01,25699,RADIO AUTOMOTIVO P3336 POP BT 4X25W PT       
20191201,9OAR3G01,25699,RADIO AUTOMOTIVO P3336 POP BT 4X25W PT       
20191130,40129301,25699,RADIO AUTOMOTIVO P3336 POP BT 4X25W PT       
20191130,73428401,25699,RADIO AUTOMOTIVO P3336 POP BT 4X25W PT       
20191130,99DNDZ01,25699,RADIO AUTOMOTIVO P3336 POP BT 4X25W PT       
20191130,999ESQ01,25699,RADIO AUTOMOTIVO P3336 POP BT 4X25W PT       
20191129,70376101,25699,RADIO AUTOMOTIVO P3336 POP BT 4X25W PT       
20191129,29786501,25699,RADIO AUTOMOTIVO P3336 POP BT 4X25W PT       
20191129,99LYQ601,25699,RADIO AUTOMOTIVO P3336 POP BT 4X25W PT       
20191129,9OIY8401,26007,SMARTPHONE SAMSUNG GAL A30 A305 64GB AZUL    
20191129,9OKVNF01,25699,RADIO AUTOMOTIVO P3336 POP BT 4X25W PT       
20191129,9O0KLC01,25699,RADIO AUTOMOTIVO P3336 POP BT 4X25W PT       
20191129,9OE1KA01,25699,RADIO AUTOMOTIVO P3336 POP BT 4X25W PT       
20191129,9OLJ4601,25699,RADIO AUTOMOTIVO P3336 POP BT 4X25W PT       
20191129,61083201,25699,RADIO AUTOMOTIVO P3336 POP BT 4X25W PT       
20191128,91711901,25172,SMARTPHONE LG K9 TV LM-X210BMW PRETO         
20191128,02218101,25997,"TELEVISOR 40"" 40S6500FS HD LED SEMP TCL      "
20191128,99ID6P01,25699,RADIO AUTOMOTIVO P3336 POP BT 4X25W PT       
20191128,99ID6P01,24716,RECEPTOR MIDIA BOX HDTV B3                   
20191128,9O9N7501,25699,RADIO AUTOMOTIVO P3336 POP BT 4X25W PT       
20191128,9ON64Q01,25699,RADIO AUTOMOTIVO P3336 POP BT 4X25W PT       
20191128,40251301,25303,"TELEVISOR SMART 32"" TC32FS500B PANASONIC     "
20191127,48681601,25699,RADIO AUTOMOTIVO P3336 POP BT 4X25W PT       
20191127,9O38KP01,25699,RADIO AUTOMOTIVO P3336 POP BT 4X25W PT       
20191127,99I0D601,25675,SMARTPHONE MOTOROLA MOTO G7 PLAY XT1952-5 IND
20191127,99I0D601,25545,"TELEVISOR SMART 40"" TC40FS600B PANASONIC     "
20191127,9O7LCE01,25699,RADIO AUTOMOTIVO P3336 POP BT 4X25W PT       
20191127,99CT4D01,25699,RADIO AUTOMOTIVO P3336 POP BT 4X25W PT       
20191127,38935501,25699,RADIO AUTOMOTIVO P3336 POP BT 4X25W PT       
20191126,41271401,25699,RADIO AUTOMOTIVO P3336 POP BT 4X25W PT       
20191126,27574201,25699,RADIO AUTOMOTIVO P3336 POP BT 4X25W PT       
20191126,9O19Q001,21821,PEN DRIVE NANO 16GB PD054 PRETO              
20191126,YYYBC401,25699,RADIO AUTOMOTIVO P3336 POP BT 4X25W PT       
20191125,88617701,25699,RADIO AUTOMOTIVO P3336 POP BT 4X25W PT       
20191125,99KNDA01,25699,RADIO AUTOMOTIVO P3336 POP BT 4X25W PT       
20191125,99BDOF01,25699,RADIO AUTOMOTIVO P3336 POP BT 4X25W PT       
20191125,91887501,25699,RADIO AUTOMOTIVO P3336 POP BT 4X25W PT       
20191125,9OJ7ND01,25699,RADIO AUTOMOTIVO P3336 POP BT 4X25W PT       
20191125,42700301,25699,RADIO AUTOMOTIVO P3336 POP BT 4X25W PT       
20191123,000ZKV01,25699,RADIO AUTOMOTIVO P3336 POP BT 4X25W PT       
20191123,9O4SSH01,25699,RADIO AUTOMOTIVO P3336 POP BT 4X25W PT       
20191123,00728201,25699,RADIO AUTOMOTIVO P3336 POP BT 4X25W PT       
20191123,34514301,25699,RADIO AUTOMOTIVO P3336 POP BT 4X25W PT       
20191123,99DHW801,25699,RADIO AUTOMOTIVO P3336 POP BT 4X25W PT       
20191123,9OENIN01,25699,RADIO AUTOMOTIVO P3336 POP BT 4X25W PT       
20191123,28966901,25999,RADIO AUTOMOTIVO P3335 POP 1 4X25WRMS PT     
20191123,95549901,26243,SUPORTE UNIV. BEDIN BU-25                    
20191122,999MLE01,25699,RADIO AUTOMOTIVO P3336 POP BT 4X25W PT       
20191122,99A91L01,25699,RADIO AUTOMOTIVO P3336 POP BT 4X25W PT       
20191122,30743301,25699,RADIO AUTOMOTIVO P3336 POP BT 4X25W PT       
20191122,99GDAG01,25699,RADIO AUTOMOTIVO P3336 POP BT 4X25W PT       
20191122,9O08NM01,25699,RADIO AUTOMOTIVO P3336 POP BT 4X25W PT       
20191122,99BW0201,25173,SMARTPHONE LG K9 TV LM-X210BMW INDIGO        
20191122,99MOMA01,25699,RADIO AUTOMOTIVO P3336 POP BT 4X25W PT       
20191121,99M2TM01,25581,SMARTPHONE SAMSUNG GAL J6 PLUS 32GB VERMELHO 
20191121,99M2TM01,25440,SMARTPHONE SAMSUNG GALAXY J810M  64GB PRATA  
20191121,19896601,25904,"TELEVISOR SMART 50"" UHD BT UN50RU7100 SAMSUNG"
20191121,19896601,25729,SMARTPHONE SAMSUNG GAL J4 CORE 16GB COBRE    
20191121,29617001,25242,PEN DRIVE MC163 2X1 LEITOR USB SD 32GB       
20191120,37242201,26222,CELULAR INFINITY W201 PRETO                  
20191120,37242201,26222,CELULAR INFINITY W201 PRETO                  
20191120,9OGHAY01,25699,RADIO AUTOMOTIVO P3336 POP BT 4X25W PT       
20191120,10393501,25366,TABLET NB728 MINI MS40G PRETO                
20191120,21367301,25699,RADIO AUTOMOTIVO P3336 POP BT 4X25W PT       
20191120,05896001,25699,RADIO AUTOMOTIVO P3336 POP BT 4X25W PT       
20191120,99DHW801,26005,SMARTPHONE SAMSUNG GAL A20  A205 32GB VERM   
20191120,97371301,25699,RADIO AUTOMOTIVO P3336 POP BT 4X25W PT       
20191120,99H3VM01,25699,RADIO AUTOMOTIVO P3336 POP BT 4X25W PT       
20191120,99DIW301,25699,RADIO AUTOMOTIVO P3336 POP BT 4X25W PT       
20191119,000X7B01,25699,RADIO AUTOMOTIVO P3336 POP BT 4X25W PT       
20191119,9ON04901,25727,SMARTPHONE SAMSUNG GAL J2 CORE 16GB PRATA    
20191119,9ON04901,25699,RADIO AUTOMOTIVO P3336 POP BT 4X25W PT       
20191119,99DGGI01,25699,RADIO AUTOMOTIVO P3336 POP BT 4X25W PT       
20191119,9O8MSB01,25699,RADIO AUTOMOTIVO P3336 POP BT 4X25W PT       
20191119,99A19D01,25699,RADIO AUTOMOTIVO P3336 POP BT 4X25W PT       
20191118,99IW5Q01,25699,RADIO AUTOMOTIVO P3336 POP BT 4X25W PT       
20191118,99DCAC01,25699,RADIO AUTOMOTIVO P3336 POP BT 4X25W PT       
20191118,84541401,25699,RADIO AUTOMOTIVO P3336 POP BT 4X25W PT       
20191118,74861601,20599,ROTEADOR RE160 300 MBPS NOVO (05)            
20191118,74861601,25699,RADIO AUTOMOTIVO P3336 POP BT 4X25W PT       
20191118,99EMQF01,25699,RADIO AUTOMOTIVO P3336 POP BT 4X25W PT       
20191118,28966901,26432,AUTO RADIO AR-06 PRETO                       
20191117,70215801,25699,RADIO AUTOMOTIVO P3336 POP BT 4X25W PT       
20191117,99IH0001,26004,SMARTPHONE SAMSUNG GAL A20  A205 32GB AZUL   
20191116,61915601,22001,NOTEBOOK LENOVO IP100 15 4-500GB W10 PRETO   
20191116,95575301,25699,RADIO AUTOMOTIVO P3336 POP BT 4X25W PT       
20191116,63096301,25699,RADIO AUTOMOTIVO P3336 POP BT 4X25W PT       
20191116,999LMY01,25699,RADIO AUTOMOTIVO P3336 POP BT 4X25W PT       
20191116,9O45BF01,25870,TABLET NB296 M7S LITE 8GB PRETO              
20191116,99DBVH01,25699,RADIO AUTOMOTIVO P3336 POP BT 4X25W PT       
20191116,57773901,25699,RADIO AUTOMOTIVO P3336 POP BT 4X25W PT       
20191116,9OJF0D01,25699,RADIO AUTOMOTIVO P3336 POP BT 4X25W PT       
20191116,9O0OC101,25699,RADIO AUTOMOTIVO P3336 POP BT 4X25W PT       
20191116,99D9CO01,25699,RADIO AUTOMOTIVO P3336 POP BT 4X25W PT       
20191116,99KWHO01,25699,RADIO AUTOMOTIVO P3336 POP BT 4X25W PT       
20191114,000R9Y01,25699,RADIO AUTOMOTIVO P3336 POP BT 4X25W PT       
20191114,99K4RB01,25699,RADIO AUTOMOTIVO P3336 POP BT 4X25W PT       
20191114,93774701,25699,RADIO AUTOMOTIVO P3336 POP BT 4X25W PT       
20191114,9OHM4M01,25699,RADIO AUTOMOTIVO P3336 POP BT 4X25W PT       
20191114,99PXSH01,25699,RADIO AUTOMOTIVO P3336 POP BT 4X25W PT       
20191114,72283701,25699,RADIO AUTOMOTIVO P3336 POP BT 4X25W PT       
20191114,46014601,25699,RADIO AUTOMOTIVO P3336 POP BT 4X25W PT       
20191114,9OGVV801,25699,RADIO AUTOMOTIVO P3336 POP BT 4X25W PT       
20191114,9ONKJ201,25699,RADIO AUTOMOTIVO P3336 POP BT 4X25W PT       
20191114,9OAA5V01,26243,SUPORTE UNIV. BEDIN BU-25                    
20191114,9OAA5V01,25699,RADIO AUTOMOTIVO P3336 POP BT 4X25W PT       
20191114,38935501,25997,"TELEVISOR 40"" 40S6500FS HD LED SEMP TCL      "
20191114,85169701,25699,RADIO AUTOMOTIVO P3336 POP BT 4X25W PT       
20191113,24263801,25699,RADIO AUTOMOTIVO P3336 POP BT 4X25W PT       
20191113,52068301,25699,RADIO AUTOMOTIVO P3336 POP BT 4X25W PT       
20191113,9NZJKX01,25699,RADIO AUTOMOTIVO P3336 POP BT 4X25W PT       
20191113,9ONI9P01,25729,SMARTPHONE SAMSUNG GAL J4 CORE 16GB COBRE    
20191113,9ONI9P01,25726,SMARTPHONE SAMSUNG GAL J2 CORE 16GB PRETO    
20191113,9NXC5K01,25699,RADIO AUTOMOTIVO P3336 POP BT 4X25W PT       
20191113,44315901,25699,RADIO AUTOMOTIVO P3336 POP BT 4X25W PT       
20191113,99FI1501,25699,RADIO AUTOMOTIVO P3336 POP BT 4X25W PT       
20191113,46405001,26222,CELULAR INFINITY W201 PRETO                  
20191113,46405001,25699,RADIO AUTOMOTIVO P3336 POP BT 4X25W PT       
20191113,9OIMYE01,26179,"TELEVISOR SMART 32"" S3900S SEMP TCL          "
20191113,9OIMYE01,25699,RADIO AUTOMOTIVO P3336 POP BT 4X25W PT       
20191113,000UA301,25699,RADIO AUTOMOTIVO P3336 POP BT 4X25W PT       
20191113,000UEK01,25699,RADIO AUTOMOTIVO P3336 POP BT 4X25W PT       
20191113,000U5201,25699,RADIO AUTOMOTIVO P3336 POP BT 4X25W PT       
20191112,000TDO01,25699,RADIO AUTOMOTIVO P3336 POP BT 4X25W PT       
20191112,9OHB9901,25699,RADIO AUTOMOTIVO P3336 POP BT 4X25W PT       
20191112,32807801,25699,RADIO AUTOMOTIVO P3336 POP BT 4X25W PT       
20191112,31375201,25699,RADIO AUTOMOTIVO P3336 POP BT 4X25W PT       
20191112,35952301,25699,RADIO AUTOMOTIVO P3336 POP BT 4X25W PT       
20191112,99G2CZ01,25173,SMARTPHONE LG K9 TV LM-X210BMW INDIGO        
20191112,99G2CZ01,25699,RADIO AUTOMOTIVO P3336 POP BT 4X25W PT       
20191112,99G2CZ01,21603,DVD D-14 GAME STAR II MONDIAL                
20191112,99G2CZ01,26005,SMARTPHONE SAMSUNG GAL A20  A205 32GB VERM   
20191112,99GZPI01,25699,RADIO AUTOMOTIVO P3336 POP BT 4X25W PT       
20191112,73579401,25703,CAIXA AMPLIFICADA CM-13 BIVOLT BLUETOOTH     
20191112,9OPPZN01,25699,RADIO AUTOMOTIVO P3336 POP BT 4X25W PT       
20191112,98660901,25699,RADIO AUTOMOTIVO P3336 POP BT 4X25W PT       
20191112,9NYZS401,25699,RADIO AUTOMOTIVO P3336 POP BT 4X25W PT       
20191112,9ONGYH01,25699,RADIO AUTOMOTIVO P3336 POP BT 4X25W PT       
20191112,9O9AGI01,25699,RADIO AUTOMOTIVO P3336 POP BT 4X25W PT       
20191112,99PW0801,25699,RADIO AUTOMOTIVO P3336 POP BT 4X25W PT       
20191112,34163901,25699,RADIO AUTOMOTIVO P3336 POP BT 4X25W PT       
20191112,28966901,25999,RADIO AUTOMOTIVO P3335 POP 1 4X25WRMS PT     
20191112,28966901,25699,RADIO AUTOMOTIVO P3336 POP BT 4X25W PT       
20191111,50299001,25699,RADIO AUTOMOTIVO P3336 POP BT 4X25W PT       
20191111,50299001,20966,PEN DRIVE 32GB PD589 TWIST PRETO             
20191111,21154901,25699,RADIO AUTOMOTIVO P3336 POP BT 4X25W PT       
20191111,9O55DM01,25699,RADIO AUTOMOTIVO P3336 POP BT 4X25W PT       
20191111,99M6TR01,25699,RADIO AUTOMOTIVO P3336 POP BT 4X25W PT       
20191111,9NYOG401,25699,RADIO AUTOMOTIVO P3336 POP BT 4X25W PT       
20191111,9O27FK01,25699,RADIO AUTOMOTIVO P3336 POP BT 4X25W PT       
20191111,25658901,25699,RADIO AUTOMOTIVO P3336 POP BT 4X25W PT       
20191111,53723001,25699,RADIO AUTOMOTIVO P3336 POP BT 4X25W PT       
20191111,53723001,25996,"TELEVISOR 32"" 32S6500S HD LED SEMP TCL       "
20191111,9OOZAX01,25699,RADIO AUTOMOTIVO P3336 POP BT 4X25W PT       
20191111,17595701,25699,RADIO AUTOMOTIVO P3336 POP BT 4X25W PT       
20191111,9O06H101,25699,RADIO AUTOMOTIVO P3336 POP BT 4X25W PT       
20191111,9O06H101,21823,PEN DRIVE SONY R 8GB USMRGR                  
20191111,9O3BGS01,25699,RADIO AUTOMOTIVO P3336 POP BT 4X25W PT       
20191111,9O3BGS01,25699,RADIO AUTOMOTIVO P3336 POP BT 4X25W PT       
20191111,9OE80J01,25699,RADIO AUTOMOTIVO P3336 POP BT 4X25W PT       
20191111,9O0NWR01,25699,RADIO AUTOMOTIVO P3336 POP BT 4X25W PT       
20191111,81974501,25699,RADIO AUTOMOTIVO P3336 POP BT 4X25W PT       
20191111,15389601,25699,RADIO AUTOMOTIVO P3336 POP BT 4X25W PT       
20191111,35934401,25239,TABLET NB710 MS60 PRETO/PRATA MULTILASER     
20191111,35934401,25240,PEN DRIVE MC161 2X1 LEITOR USB SD 8G         
20191110,9O0IV701,25699,RADIO AUTOMOTIVO P3336 POP BT 4X25W PT       
20191110,71885601,25699,RADIO AUTOMOTIVO P3336 POP BT 4X25W PT       
20191109,000S5G01,25699,RADIO AUTOMOTIVO P3336 POP BT 4X25W PT       
20191109,000RVF01,25699,RADIO AUTOMOTIVO P3336 POP BT 4X25W PT       
20191109,9OFQWT01,25699,RADIO AUTOMOTIVO P3336 POP BT 4X25W PT       
20191109,90943201,25699,RADIO AUTOMOTIVO P3336 POP BT 4X25W PT       
20191109,9O8G9R01,25699,RADIO AUTOMOTIVO P3336 POP BT 4X25W PT       
20191109,56948701,25699,RADIO AUTOMOTIVO P3336 POP BT 4X25W PT       
20191109,9OH17N01,25699,RADIO AUTOMOTIVO P3336 POP BT 4X25W PT       
20191109,9OEZ6901,25699,RADIO AUTOMOTIVO P3336 POP BT 4X25W PT       
20191109,9OKY4301,25699,RADIO AUTOMOTIVO P3336 POP BT 4X25W PT       
20191109,77428401,25699,RADIO AUTOMOTIVO P3336 POP BT 4X25W PT       
20191109,10807001,25699,RADIO AUTOMOTIVO P3336 POP BT 4X25W PT       
20191109,54561201,25699,RADIO AUTOMOTIVO P3336 POP BT 4X25W PT       
20191109,53653701,25699,RADIO AUTOMOTIVO P3336 POP BT 4X25W PT       
20191109,44482501,21603,DVD D-14 GAME STAR II MONDIAL                
20191109,99FO7E01,25699,RADIO AUTOMOTIVO P3336 POP BT 4X25W PT       
20191109,37172901,25699,RADIO AUTOMOTIVO P3336 POP BT 4X25W PT       
20191109,61546501,25699,RADIO AUTOMOTIVO P3336 POP BT 4X25W PT       
20191109,99K59G01,25699,RADIO AUTOMOTIVO P3336 POP BT 4X25W PT       
20191109,9OFT3301,25699,RADIO AUTOMOTIVO P3336 POP BT 4X25W PT       
20191109,99KHED01,25699,RADIO AUTOMOTIVO P3336 POP BT 4X25W PT       
20191109,61786801,25699,RADIO AUTOMOTIVO P3336 POP BT 4X25W PT       
20191109,41022501,25699,RADIO AUTOMOTIVO P3336 POP BT 4X25W PT       
20191108,000RK701,25699,RADIO AUTOMOTIVO P3336 POP BT 4X25W PT       
20191108,000R9Y01,25999,RADIO AUTOMOTIVO P3335 POP 1 4X25WRMS PT     
20191108,000R7201,25699,RADIO AUTOMOTIVO P3336 POP BT 4X25W PT       
20191108,99K56501,25699,RADIO AUTOMOTIVO P3336 POP BT 4X25W PT       
20191108,9OGWD301,25699,RADIO AUTOMOTIVO P3336 POP BT 4X25W PT       
20191108,78987301,25699,RADIO AUTOMOTIVO P3336 POP BT 4X25W PT       
20191108,9OCXH401,25699,RADIO AUTOMOTIVO P3336 POP BT 4X25W PT       
20191108,99PVXS01,25699,RADIO AUTOMOTIVO P3336 POP BT 4X25W PT       
20191108,99IBLO01,25699,RADIO AUTOMOTIVO P3336 POP BT 4X25W PT       
20191108,95099701,25699,RADIO AUTOMOTIVO P3336 POP BT 4X25W PT       
20191108,59834401,25699,RADIO AUTOMOTIVO P3336 POP BT 4X25W PT       
20191108,9OIBCT01,25699,RADIO AUTOMOTIVO P3336 POP BT 4X25W PT       
20191108,10423001,25699,RADIO AUTOMOTIVO P3336 POP BT 4X25W PT       
20191108,31078301,25699,RADIO AUTOMOTIVO P3336 POP BT 4X25W PT       
20191108,99CQWO01,25699,RADIO AUTOMOTIVO P3336 POP BT 4X25W PT       
20191108,99CQWO01,14537,PEN DRIVE 16GB PD588 TWIST PRETO             
20191108,9OBSMZ01,25699,RADIO AUTOMOTIVO P3336 POP BT 4X25W PT       
20191108,66879601,25699,RADIO AUTOMOTIVO P3336 POP BT 4X25W PT       
20191108,99NEW301,14537,PEN DRIVE 16GB PD588 TWIST PRETO             
20191108,99NEW301,25699,RADIO AUTOMOTIVO P3336 POP BT 4X25W PT       
20191108,9NZ41G01,25699,RADIO AUTOMOTIVO P3336 POP BT 4X25W PT       
20191108,9O1OG001,25699,RADIO AUTOMOTIVO P3336 POP BT 4X25W PT       
20191107,000QUL01,25699,RADIO AUTOMOTIVO P3336 POP BT 4X25W PT       
20191107,000QUL01,14537,PEN DRIVE 16GB PD588 TWIST PRETO             
20191107,000QJ101,25699,RADIO AUTOMOTIVO P3336 POP BT 4X25W PT       
20191107,93449901,25699,RADIO AUTOMOTIVO P3336 POP BT 4X25W PT       
20191107,99FBBQ01,25699,RADIO AUTOMOTIVO P3336 POP BT 4X25W PT       
20191107,26567601,25699,RADIO AUTOMOTIVO P3336 POP BT 4X25W PT       
20191107,53476701,25699,RADIO AUTOMOTIVO P3336 POP BT 4X25W PT       
20191107,9O9SR501,25699,RADIO AUTOMOTIVO P3336 POP BT 4X25W PT       
20191107,99HTVK01,25699,RADIO AUTOMOTIVO P3336 POP BT 4X25W PT       
20191107,46728001,25699,RADIO AUTOMOTIVO P3336 POP BT 4X25W PT       
20191107,16198701,25699,RADIO AUTOMOTIVO P3336 POP BT 4X25W PT       
20191107,99CU3701,25699,RADIO AUTOMOTIVO P3336 POP BT 4X25W PT       
20191107,9O4W3S01,25699,RADIO AUTOMOTIVO P3336 POP BT 4X25W PT       
20191107,45562301,25699,RADIO AUTOMOTIVO P3336 POP BT 4X25W PT       
20191107,44482501,25699,RADIO AUTOMOTIVO P3336 POP BT 4X25W PT       
20191107,44482501,21647,DVD D-15 KARAOKE MONDIAL                     
20191107,40341901,25699,RADIO AUTOMOTIVO P3336 POP BT 4X25W PT       
20191107,9OF3AS01,14537,PEN DRIVE 16GB PD588 TWIST PRETO             
20191107,9OF3AS01,25699,RADIO AUTOMOTIVO P3336 POP BT 4X25W PT       
20191107,88327401,25699,RADIO AUTOMOTIVO P3336 POP BT 4X25W PT       
20191107,28966901,14537,PEN DRIVE 16GB PD588 TWIST PRETO             
20191106,67404601,25699,RADIO AUTOMOTIVO P3336 POP BT 4X25W PT       
20191106,9O75Z501,25699,RADIO AUTOMOTIVO P3336 POP BT 4X25W PT       
20191106,99QKLO01,25699,RADIO AUTOMOTIVO P3336 POP BT 4X25W PT       
20191106,05193401,25699,RADIO AUTOMOTIVO P3336 POP BT 4X25W PT       
20191106,9OQZXB01,25699,RADIO AUTOMOTIVO P3336 POP BT 4X25W PT       
20191106,39304301,25699,RADIO AUTOMOTIVO P3336 POP BT 4X25W PT       
20191106,99EMCN01,25699,RADIO AUTOMOTIVO P3336 POP BT 4X25W PT       
20191106,9OM9K001,25699,RADIO AUTOMOTIVO P3336 POP BT 4X25W PT       
20191106,9NZT2601,25699,RADIO AUTOMOTIVO P3336 POP BT 4X25W PT       
20191106,9NZVMT01,25699,RADIO AUTOMOTIVO P3336 POP BT 4X25W PT       
20191106,46146601,25699,RADIO AUTOMOTIVO P3336 POP BT 4X25W PT       
20191106,94445201,25699,RADIO AUTOMOTIVO P3336 POP BT 4X25W PT       
20191106,31766301,25699,RADIO AUTOMOTIVO P3336 POP BT 4X25W PT       
20191106,999G0Z01,25699,RADIO AUTOMOTIVO P3336 POP BT 4X25W PT       
20191106,91887501,25727,SMARTPHONE SAMSUNG GAL J2 CORE 16GB PRATA    
20191106,46539601,25699,RADIO AUTOMOTIVO P3336 POP BT 4X25W PT       
20191106,46539601,22086,PEN DRIVE SONY R 16GB USMRGR                 
20191106,99LTS901,25699,RADIO AUTOMOTIVO P3336 POP BT 4X25W PT       
20191106,9OBU8701,25699,RADIO AUTOMOTIVO P3336 POP BT 4X25W PT       
20191106,06295501,25699,RADIO AUTOMOTIVO P3336 POP BT 4X25W PT       
20191105,99MICM01,25699,RADIO AUTOMOTIVO P3336 POP BT 4X25W PT       
20191105,99MICM01,14537,PEN DRIVE 16GB PD588 TWIST PRETO             
20191105,03474301,25699,RADIO AUTOMOTIVO P3336 POP BT 4X25W PT       
20191105,09052401,25699,RADIO AUTOMOTIVO P3336 POP BT 4X25W PT       
20191105,30761801,25699,RADIO AUTOMOTIVO P3336 POP BT 4X25W PT       
20191105,91711901,25699,RADIO AUTOMOTIVO P3336 POP BT 4X25W PT       
20191105,23768301,25699,RADIO AUTOMOTIVO P3336 POP BT 4X25W PT       
20191105,99GFVJ01,25699,RADIO AUTOMOTIVO P3336 POP BT 4X25W PT       
20191105,62927401,25699,RADIO AUTOMOTIVO P3336 POP BT 4X25W PT       
20191104,9ORDLH01,25699,RADIO AUTOMOTIVO P3336 POP BT 4X25W PT       
20191104,9ORDUB01,25699,RADIO AUTOMOTIVO P3336 POP BT 4X25W PT       
20191104,38433901,25699,RADIO AUTOMOTIVO P3336 POP BT 4X25W PT       
20191104,27605601,25699,RADIO AUTOMOTIVO P3336 POP BT 4X25W PT       
20191104,98085301,25699,RADIO AUTOMOTIVO P3336 POP BT 4X25W PT       
20191104,9NXDGF01,25699,RADIO AUTOMOTIVO P3336 POP BT 4X25W PT       
20191104,9O3GAW01,25699,RADIO AUTOMOTIVO P3336 POP BT 4X25W PT       
20191104,9O0WUX01,25699,RADIO AUTOMOTIVO P3336 POP BT 4X25W PT       
20191104,18416801,25699,RADIO AUTOMOTIVO P3336 POP BT 4X25W PT       
20191104,91139901,25699,RADIO AUTOMOTIVO P3336 POP BT 4X25W PT       
20191104,23136201,25699,RADIO AUTOMOTIVO P3336 POP BT 4X25W PT       
20191104,51124201,25699,RADIO AUTOMOTIVO P3336 POP BT 4X25W PT       
20191103,60607901,26460,CAIXA DE SOM AMPLIF.TROLLEY 8 POL SP329      
20191101,9ORDD001,25699,RADIO AUTOMOTIVO P3336 POP BT 4X25W PT       
20191101,9ORCYW01,25699,RADIO AUTOMOTIVO P3336 POP BT 4X25W PT       
20191101,48029301,25699,RADIO AUTOMOTIVO P3336 POP BT 4X25W PT       
20191101,9O6ULD01,25699,RADIO AUTOMOTIVO P3336 POP BT 4X25W PT       
20191101,99I0D601,25699,RADIO AUTOMOTIVO P3336 POP BT 4X25W PT       
20191101,99EO8E01,25699,RADIO AUTOMOTIVO P3336 POP BT 4X25W PT       
20191101,75835401,25699,RADIO AUTOMOTIVO P3336 POP BT 4X25W PT       
20191101,9OBXD101,25699,RADIO AUTOMOTIVO P3336 POP BT 4X25W PT       
20191101,99JQ4F01,25699,RADIO AUTOMOTIVO P3336 POP BT 4X25W PT       
20191101,42670401,25699,RADIO AUTOMOTIVO P3336 POP BT 4X25W PT       
20191101,22318801,25699,RADIO AUTOMOTIVO P3336 POP BT 4X25W PT       
20191031,9ORCMV01,25699,RADIO AUTOMOTIVO P3336 POP BT 4X25W PT       
20191031,9O90CB01,25699,RADIO AUTOMOTIVO P3336 POP BT 4X25W PT       
20191031,9ORCNV01,25699,RADIO AUTOMOTIVO P3336 POP BT 4X25W PT       
20191031,37242201,25699,RADIO AUTOMOTIVO P3336 POP BT 4X25W PT       
20191031,16519001,25699,RADIO AUTOMOTIVO P3336 POP BT 4X25W PT       
20191031,91829801,25699,RADIO AUTOMOTIVO P3336 POP BT 4X25W PT       
20191031,9OM56K01,25699,RADIO AUTOMOTIVO P3336 POP BT 4X25W PT       
20191031,45231301,25699,RADIO AUTOMOTIVO P3336 POP BT 4X25W PT       
20191031,99E96801,25699,RADIO AUTOMOTIVO P3336 POP BT 4X25W PT       
20191031,99FOBO01,25699,RADIO AUTOMOTIVO P3336 POP BT 4X25W PT       
20191031,9NZIJP01,21513,TELEJOGO MOD XP 180                          
20191031,99DNDZ01,25726,SMARTPHONE SAMSUNG GAL J2 CORE 16GB PRETO    
20191031,48598201,25699,RADIO AUTOMOTIVO P3336 POP BT 4X25W PT       
20191030,40382001,25699,RADIO AUTOMOTIVO P3336 POP BT 4X25W PT       
20191030,18456801,25982,SMARTPHONE SAMSUNG GAL A10  A105 32GB AZUL   
20191030,93045401,25699,RADIO AUTOMOTIVO P3336 POP BT 4X25W PT       
20191030,9NWKX201,25699,RADIO AUTOMOTIVO P3336 POP BT 4X25W PT       
20191030,9NZIJP01,25699,RADIO AUTOMOTIVO P3336 POP BT 4X25W PT       
20191030,83173501,25699,RADIO AUTOMOTIVO P3336 POP BT 4X25W PT       
20191030,00016301,25699,RADIO AUTOMOTIVO P3336 POP BT 4X25W PT       
20191030,33930701,25983,SMARTPHONE SAMSUNG GAL A10  A105 32GB VERMELH
20191030,9OF7LT01,25727,SMARTPHONE SAMSUNG GAL J2 CORE 16GB PRATA    
20191030,9OF7LT01,25700,TABLET NB273 M7S PLUS 8GB PRETO              
20191030,9OF7LT01,25983,SMARTPHONE SAMSUNG GAL A10  A105 32GB VERMELH
20191029,9OE87501,25699,RADIO AUTOMOTIVO P3336 POP BT 4X25W PT       
20191029,51465501,25699,RADIO AUTOMOTIVO P3336 POP BT 4X25W PT       
20191029,99FS5O01,25699,RADIO AUTOMOTIVO P3336 POP BT 4X25W PT       
20191029,9ORBI801,25699,RADIO AUTOMOTIVO P3336 POP BT 4X25W PT       
20191029,9ORBI801,25670,AUTO RADIO MVH-S218BT PIONNER                
20191029,9OACF001,25699,RADIO AUTOMOTIVO P3336 POP BT 4X25W PT       
20191029,9ORBM501,25699,RADIO AUTOMOTIVO P3336 POP BT 4X25W PT       
20191029,9ORBFR01,25699,RADIO AUTOMOTIVO P3336 POP BT 4X25W PT       
20191028,63532201,25699,RADIO AUTOMOTIVO P3336 POP BT 4X25W PT       
20191028,9ORAXJ01,25699,RADIO AUTOMOTIVO P3336 POP BT 4X25W PT       
20191028,9ORB3W01,25699,RADIO AUTOMOTIVO P3336 POP BT 4X25W PT       
20191028,9O9OLE01,25699,RADIO AUTOMOTIVO P3336 POP BT 4X25W PT       
20191028,99H90P01,25699,RADIO AUTOMOTIVO P3336 POP BT 4X25W PT       
20191028,04165601,25699,RADIO AUTOMOTIVO P3336 POP BT 4X25W PT       
20191028,99EKDS01,25699,RADIO AUTOMOTIVO P3336 POP BT 4X25W PT       
20191027,59663601,25699,RADIO AUTOMOTIVO P3336 POP BT 4X25W PT       
20191026,9OH7V001,25699,RADIO AUTOMOTIVO P3336 POP BT 4X25W PT       
20191026,28966901,23725,AUTO RADIO DVH7880                           
20191026,81653201,25699,RADIO AUTOMOTIVO P3336 POP BT 4X25W PT       
20191026,9ONI9P01,25699,RADIO AUTOMOTIVO P3336 POP BT 4X25W PT       
20191026,99EMWG01,25699,RADIO AUTOMOTIVO P3336 POP BT 4X25W PT       
20191026,99EJYE01,25699,RADIO AUTOMOTIVO P3336 POP BT 4X25W PT       
20191026,99N9S501,25699,RADIO AUTOMOTIVO P3336 POP BT 4X25W PT       
20191026,9OH17N01,15713,SUPORTE PRETO TV LCD 10 A 55 BR ART SBRP130  
20191026,99802001,25699,RADIO AUTOMOTIVO P3336 POP BT 4X25W PT       
20191026,51691301,25699,RADIO AUTOMOTIVO P3336 POP BT 4X25W PT       
20191025,9O6WRL01,25699,RADIO AUTOMOTIVO P3336 POP BT 4X25W PT       
20191025,9ORA3401,25699,RADIO AUTOMOTIVO P3336 POP BT 4X25W PT       
20191025,22791301,25699,RADIO AUTOMOTIVO P3336 POP BT 4X25W PT       
20191025,9ORA3O01,25699,RADIO AUTOMOTIVO P3336 POP BT 4X25W PT       
20191025,9ORA5U01,25699,RADIO AUTOMOTIVO P3336 POP BT 4X25W PT       
20191025,50840001,25699,RADIO AUTOMOTIVO P3336 POP BT 4X25W PT       
20191025,9OABCK01,25699,RADIO AUTOMOTIVO P3336 POP BT 4X25W PT       
20191025,9ODHYX01,25699,RADIO AUTOMOTIVO P3336 POP BT 4X25W PT       
20191025,9OCPGQ01,25699,RADIO AUTOMOTIVO P3336 POP BT 4X25W PT       
20191024,99KGPY01,25999,RADIO AUTOMOTIVO P3335 POP 1 4X25WRMS PT     
20191024,99KGPY01,25699,RADIO AUTOMOTIVO P3336 POP BT 4X25W PT       
20191024,99EZ6F01,25699,RADIO AUTOMOTIVO P3336 POP BT 4X25W PT       
20191024,11933401,25699,RADIO AUTOMOTIVO P3336 POP BT 4X25W PT       
20191024,99CJQD01,25699,RADIO AUTOMOTIVO P3336 POP BT 4X25W PT       
20191024,9OR9S901,25699,RADIO AUTOMOTIVO P3336 POP BT 4X25W PT       
20191023,81895401,25699,RADIO AUTOMOTIVO P3336 POP BT 4X25W PT       
20191023,99DEG901,25699,RADIO AUTOMOTIVO P3336 POP BT 4X25W PT       
20191023,99FBD001,25699,RADIO AUTOMOTIVO P3336 POP BT 4X25W PT       
20191023,9OH17N01,25354,"TELEVISOR SMART 32"" UN32J4290 SAMSUNG        "
20191023,9OR96S01,25699,RADIO AUTOMOTIVO P3336 POP BT 4X25W PT       
20191023,9O34MX01,25699,RADIO AUTOMOTIVO P3336 POP BT 4X25W PT       
20191022,35934401,25699,RADIO AUTOMOTIVO P3336 POP BT 4X25W PT       
20191022,9OIY8401,25699,RADIO AUTOMOTIVO P3336 POP BT 4X25W PT       
20191022,21024801,25699,RADIO AUTOMOTIVO P3336 POP BT 4X25W PT       
20191022,39778501,25699,RADIO AUTOMOTIVO P3336 POP BT 4X25W PT       
20191022,99B3HA01,25699,RADIO AUTOMOTIVO P3336 POP BT 4X25W PT       
20191022,99CNTI01,25699,RADIO AUTOMOTIVO P3336 POP BT 4X25W PT       
20191022,9NYNMK01,25699,RADIO AUTOMOTIVO P3336 POP BT 4X25W PT       
20191022,9OR8FO01,25699,RADIO AUTOMOTIVO P3336 POP BT 4X25W PT       
20191022,95670701,25727,SMARTPHONE SAMSUNG GAL J2 CORE 16GB PRATA    
20191022,99IFLH01,25699,RADIO AUTOMOTIVO P3336 POP BT 4X25W PT       
20191022,99874201,25699,RADIO AUTOMOTIVO P3336 POP BT 4X25W PT       
20191022,99E96N01,25699,RADIO AUTOMOTIVO P3336 POP BT 4X25W PT       
20191021,99K1YH01,25699,RADIO AUTOMOTIVO P3336 POP BT 4X25W PT       
20191021,13974301,25699,RADIO AUTOMOTIVO P3336 POP BT 4X25W PT       
20191021,70850201,25172,SMARTPHONE LG K9 TV LM-X210BMW PRETO         
20191021,31848101,25699,RADIO AUTOMOTIVO P3336 POP BT 4X25W PT       
20191021,40458401,25676,SMARTPHONE MOTOROLA MOTO G7 PLAY XT1952-5 DR 
20191021,40458401,25699,RADIO AUTOMOTIVO P3336 POP BT 4X25W PT       
20191021,38327501,25699,RADIO AUTOMOTIVO P3336 POP BT 4X25W PT       
20191019,99EO8201,25699,RADIO AUTOMOTIVO P3336 POP BT 4X25W PT       
20191019,21024801,25999,RADIO AUTOMOTIVO P3335 POP 1 4X25WRMS PT     
20191019,34408301,25767,CAIXA AMPLIFICADA CM-11 MULT CONECT PARTY BIV
20191019,9OPEKJ01,25699,RADIO AUTOMOTIVO P3336 POP BT 4X25W PT       
20191019,99M9F001,25699,RADIO AUTOMOTIVO P3336 POP BT 4X25W PT       
20191018,99FH0A01,25699,RADIO AUTOMOTIVO P3336 POP BT 4X25W PT       
20191018,98503501,25699,RADIO AUTOMOTIVO P3336 POP BT 4X25W PT       
20191018,99MY4G01,25699,RADIO AUTOMOTIVO P3336 POP BT 4X25W PT       
20191018,9O13AG01,25699,RADIO AUTOMOTIVO P3336 POP BT 4X25W PT       
20191018,22791301,26003,SMARTPHONE SAMSUNG GAL A20  A205 32GB PRETO  
20191018,99F8PW01,25699,RADIO AUTOMOTIVO P3336 POP BT 4X25W PT       
20191017,07681901,25699,RADIO AUTOMOTIVO P3336 POP BT 4X25W PT       
20191017,34161501,25699,RADIO AUTOMOTIVO P3336 POP BT 4X25W PT       
20191017,9O3LUS01,25699,RADIO AUTOMOTIVO P3336 POP BT 4X25W PT       
20191017,9OR6M901,25699,RADIO AUTOMOTIVO P3336 POP BT 4X25W PT       
20191017,99KBME01,25699,RADIO AUTOMOTIVO P3336 POP BT 4X25W PT       
20191017,49402401,25699,RADIO AUTOMOTIVO P3336 POP BT 4X25W PT       
20191017,9OEJQE01,25699,RADIO AUTOMOTIVO P3336 POP BT 4X25W PT       
20191017,58238001,25699,RADIO AUTOMOTIVO P3336 POP BT 4X25W PT       
20191017,9O2CIJ01,25699,RADIO AUTOMOTIVO P3336 POP BT 4X25W PT       
20191016,99K1NT01,25699,RADIO AUTOMOTIVO P3336 POP BT 4X25W PT       
20191016,9OBFFX01,25699,RADIO AUTOMOTIVO P3336 POP BT 4X25W PT       
20191016,89289201,25699,RADIO AUTOMOTIVO P3336 POP BT 4X25W PT       
20191016,99FBD001,26007,SMARTPHONE SAMSUNG GAL A30 A305 64GB AZUL    
20191016,9OR63D01,25699,RADIO AUTOMOTIVO P3336 POP BT 4X25W PT       
20191016,9OEDYI01,25699,RADIO AUTOMOTIVO P3336 POP BT 4X25W PT       
20191015,9OA5T901,25699,RADIO AUTOMOTIVO P3336 POP BT 4X25W PT       
20191015,54066301,25699,RADIO AUTOMOTIVO P3336 POP BT 4X25W PT       
20191015,14949301,25699,RADIO AUTOMOTIVO P3336 POP BT 4X25W PT       
20191015,9OR5R901,25481,SMARTPHONE LG K9 TV LM-X210BMW DOURADO       
20191015,9OR5R901,25699,RADIO AUTOMOTIVO P3336 POP BT 4X25W PT       
20191015,9NZMSR01,25699,RADIO AUTOMOTIVO P3336 POP BT 4X25W PT       
20191015,99DSWZ01,25699,RADIO AUTOMOTIVO P3336 POP BT 4X25W PT       
20191014,04980501,25699,RADIO AUTOMOTIVO P3336 POP BT 4X25W PT       
20191014,35128201,25699,RADIO AUTOMOTIVO P3336 POP BT 4X25W PT       
20191014,9OF2KK01,25699,RADIO AUTOMOTIVO P3336 POP BT 4X25W PT       
20191014,9OF2KK01,25699,RADIO AUTOMOTIVO P3336 POP BT 4X25W PT       
20191014,69049201,25481,SMARTPHONE LG K9 TV LM-X210BMW DOURADO       
20191014,69049201,25699,RADIO AUTOMOTIVO P3336 POP BT 4X25W PT       
20191014,99ELS301,25699,RADIO AUTOMOTIVO P3336 POP BT 4X25W PT       
20191014,99INAZ01,25699,RADIO AUTOMOTIVO P3336 POP BT 4X25W PT       
20191014,99J6F201,23017,AUTO RADIO DVH 8880 AV BT                    
20191014,9ONYRC01,25699,RADIO AUTOMOTIVO P3336 POP BT 4X25W PT       
20191014,46723101,25699,RADIO AUTOMOTIVO P3336 POP BT 4X25W PT       
20191013,99I24R01,25699,RADIO AUTOMOTIVO P3336 POP BT 4X25W PT       
20191013,99JV6G01,25435,TABLET NB732 MINI MS50X PRETO                
20191013,99JV6G01,25699,RADIO AUTOMOTIVO P3336 POP BT 4X25W PT       
20191012,99K8HE01,25699,RADIO AUTOMOTIVO P3336 POP BT 4X25W PT       
20191012,81936401,25699,RADIO AUTOMOTIVO P3336 POP BT 4X25W PT       
20191011,9OBFCN01,25699,RADIO AUTOMOTIVO P3336 POP BT 4X25W PT       
20191011,99004401,25699,RADIO AUTOMOTIVO P3336 POP BT 4X25W PT       
20191011,98454701,25699,RADIO AUTOMOTIVO P3336 POP BT 4X25W PT       
20191011,9OR41M01,25699,RADIO AUTOMOTIVO P3336 POP BT 4X25W PT       
20191011,72848001,25699,RADIO AUTOMOTIVO P3336 POP BT 4X25W PT       
20191011,61654401,25870,TABLET NB296 M7S LITE 8GB PRETO              
20191011,61654401,25699,RADIO AUTOMOTIVO P3336 POP BT 4X25W PT       
20191011,55265301,25699,RADIO AUTOMOTIVO P3336 POP BT 4X25W PT       
20191010,99K3QC01,25699,RADIO AUTOMOTIVO P3336 POP BT 4X25W PT       
20191010,03474301,25870,TABLET NB296 M7S LITE 8GB PRETO              
20191010,03474301,25869,TABLET NB297 M7S LITE 8GB BRANCO             
20191010,03474301,25870,TABLET NB296 M7S LITE 8GB PRETO              
20191010,99E4MK01,25699,RADIO AUTOMOTIVO P3336 POP BT 4X25W PT       
20191010,9OM6I801,25699,RADIO AUTOMOTIVO P3336 POP BT 4X25W PT       
20191010,70850201,21647,DVD D-15 KARAOKE MONDIAL                     
20191010,9OR2V001,25699,RADIO AUTOMOTIVO P3336 POP BT 4X25W PT       
20191010,9O8HWQ01,25699,RADIO AUTOMOTIVO P3336 POP BT 4X25W PT       
20191010,9O19SF01,25699,RADIO AUTOMOTIVO P3336 POP BT 4X25W PT       
20191010,9O1Z2001,25699,RADIO AUTOMOTIVO P3336 POP BT 4X25W PT       
20191009,99K3QC01,25699,RADIO AUTOMOTIVO P3336 POP BT 4X25W PT       
20191009,31271801,25699,RADIO AUTOMOTIVO P3336 POP BT 4X25W PT       
20191009,99L4YG01,25699,RADIO AUTOMOTIVO P3336 POP BT 4X25W PT       
20191009,9OJ3YM01,25699,RADIO AUTOMOTIVO P3336 POP BT 4X25W PT       
20191009,9OIR5K01,25699,RADIO AUTOMOTIVO P3336 POP BT 4X25W PT       
20191009,9OR2FF01,25699,RADIO AUTOMOTIVO P3336 POP BT 4X25W PT       
20191009,9O4PPL01,25699,RADIO AUTOMOTIVO P3336 POP BT 4X25W PT       
20191009,99KW0M01,25699,RADIO AUTOMOTIVO P3336 POP BT 4X25W PT       
20191009,9OR2GD01,25699,RADIO AUTOMOTIVO P3336 POP BT 4X25W PT       
20191008,99O1L301,25699,RADIO AUTOMOTIVO P3336 POP BT 4X25W PT       
20191008,99FQ1Z01,25870,TABLET NB296 M7S LITE 8GB PRETO              
20191008,99ECFR01,25699,RADIO AUTOMOTIVO P3336 POP BT 4X25W PT       
20191008,99DHW801,26005,SMARTPHONE SAMSUNG GAL A20  A205 32GB VERM   
20191008,99D9LW01,25699,RADIO AUTOMOTIVO P3336 POP BT 4X25W PT       
20191008,9OJK6P01,25699,RADIO AUTOMOTIVO P3336 POP BT 4X25W PT       
20191007,30765401,25245,TABLET NB731 MINI MS50G DOURADO/BRANCO       
20191007,30765401,25699,RADIO AUTOMOTIVO P3336 POP BT 4X25W PT       
20191007,9NXHVU01,25699,RADIO AUTOMOTIVO P3336 POP BT 4X25W PT       
20191007,41027101,25699,RADIO AUTOMOTIVO P3336 POP BT 4X25W PT       
20191007,9OPI3K01,25699,RADIO AUTOMOTIVO P3336 POP BT 4X25W PT       
20191007,99CLSC01,23725,AUTO RADIO DVH7880                           
20191007,99CLSC01,25699,RADIO AUTOMOTIVO P3336 POP BT 4X25W PT       
20191007,11492601,25999,RADIO AUTOMOTIVO P3335 POP 1 4X25WRMS PT     
20191007,30518301,19729,PEN DRIVE 8GB PD587 TWIST PRETO              
20191007,30518301,25699,RADIO AUTOMOTIVO P3336 POP BT 4X25W PT       
20191007,73579401,25699,RADIO AUTOMOTIVO P3336 POP BT 4X25W PT       
20191007,84184701,25699,RADIO AUTOMOTIVO P3336 POP BT 4X25W PT       
20191007,84184701,14537,PEN DRIVE 16GB PD588 TWIST PRETO             
20191007,9OR0VJ01,25699,RADIO AUTOMOTIVO P3336 POP BT 4X25W PT       
20191007,9OR0SI01,25699,RADIO AUTOMOTIVO P3336 POP BT 4X25W PT       
20191007,19176401,25699,RADIO AUTOMOTIVO P3336 POP BT 4X25W PT       
20191006,9OR0PM01,25699,RADIO AUTOMOTIVO P3336 POP BT 4X25W PT       
20191005,62691701,25699,RADIO AUTOMOTIVO P3336 POP BT 4X25W PT       
20191005,999H9101,25699,RADIO AUTOMOTIVO P3336 POP BT 4X25W PT       
20191005,53506801,25699,RADIO AUTOMOTIVO P3336 POP BT 4X25W PT       
20191005,32132301,25699,RADIO AUTOMOTIVO P3336 POP BT 4X25W PT       
20191005,66321401,25240,PEN DRIVE MC161 2X1 LEITOR USB SD 8G         
20191005,66321401,25699,RADIO AUTOMOTIVO P3336 POP BT 4X25W PT       
20191005,56492701,25699,RADIO AUTOMOTIVO P3336 POP BT 4X25W PT       
20191005,56492701,25729,SMARTPHONE SAMSUNG GAL J4 CORE 16GB COBRE    
20191005,55882701,25699,RADIO AUTOMOTIVO P3336 POP BT 4X25W PT       
20191005,99DBVH01,25727,SMARTPHONE SAMSUNG GAL J2 CORE 16GB PRATA    
20191005,85895101,25699,RADIO AUTOMOTIVO P3336 POP BT 4X25W PT       
20191005,09268901,25699,RADIO AUTOMOTIVO P3336 POP BT 4X25W PT       
20191005,9OGIWU01,25699,RADIO AUTOMOTIVO P3336 POP BT 4X25W PT       
20191005,99K5ZK01,25699,RADIO AUTOMOTIVO P3336 POP BT 4X25W PT       
20191005,61915601,24045,"TELEVISOR SMART 43"" TC43SV700 PANASONIC      "
20191004,19176401,25999,RADIO AUTOMOTIVO P3335 POP 1 4X25WRMS PT     
20191004,9OQZXB01,25577,SMARTPHONE SAMSUNG GALAXY J4 PLUS 32GB PRETO 
20191004,9NZZ6Q01,25699,RADIO AUTOMOTIVO P3336 POP BT 4X25W PT       
20191004,9NY43501,25699,RADIO AUTOMOTIVO P3336 POP BT 4X25W PT       
20191004,43138301,25699,RADIO AUTOMOTIVO P3336 POP BT 4X25W PT       
20191004,9O1RKM01,25699,RADIO AUTOMOTIVO P3336 POP BT 4X25W PT       
20191004,99MDBJ01,25699,RADIO AUTOMOTIVO P3336 POP BT 4X25W PT       
20191004,70850201,25699,RADIO AUTOMOTIVO P3336 POP BT 4X25W PT       
20191004,27023001,25699,RADIO AUTOMOTIVO P3336 POP BT 4X25W PT       
20191004,60607901,25999,RADIO AUTOMOTIVO P3335 POP 1 4X25WRMS PT     
20191004,60607901,25699,RADIO AUTOMOTIVO P3336 POP BT 4X25W PT       
20191004,99EHR401,25699,RADIO AUTOMOTIVO P3336 POP BT 4X25W PT       
20191004,14837601,25699,RADIO AUTOMOTIVO P3336 POP BT 4X25W PT       
20191004,99J75V01,25699,RADIO AUTOMOTIVO P3336 POP BT 4X25W PT       
20191003,03452301,25699,RADIO AUTOMOTIVO P3336 POP BT 4X25W PT       
20191003,99FK5101,25699,RADIO AUTOMOTIVO P3336 POP BT 4X25W PT       
20191003,28966901,25699,RADIO AUTOMOTIVO P3336 POP BT 4X25W PT       
20191003,99EGT601,25699,RADIO AUTOMOTIVO P3336 POP BT 4X25W PT       
20191003,25782501,25699,RADIO AUTOMOTIVO P3336 POP BT 4X25W PT       
20191003,50154201,25699,RADIO AUTOMOTIVO P3336 POP BT 4X25W PT       
20191003,9OQZ2301,25699,RADIO AUTOMOTIVO P3336 POP BT 4X25W PT       
20191003,75075201,25870,TABLET NB296 M7S LITE 8GB PRETO              
20191002,99FK5101,26004,SMARTPHONE SAMSUNG GAL A20  A205 32GB AZUL   
20191002,18456801,25699,RADIO AUTOMOTIVO P3336 POP BT 4X25W PT       
20191002,99KN3M01,25699,RADIO AUTOMOTIVO P3336 POP BT 4X25W PT       
20191002,9OEZO401,19729,PEN DRIVE 8GB PD587 TWIST PRETO              
20191002,9O7EYP01,25699,RADIO AUTOMOTIVO P3336 POP BT 4X25W PT       
20191002,00530901,25435,TABLET NB732 MINI MS50X PRETO                
20191002,99GU1K01,25699,RADIO AUTOMOTIVO P3336 POP BT 4X25W PT       
20191002,99MB7D01,25699,RADIO AUTOMOTIVO P3336 POP BT 4X25W PT       
20191002,9OGRTD01,25699,RADIO AUTOMOTIVO P3336 POP BT 4X25W PT       
20191002,63096301,25999,RADIO AUTOMOTIVO P3335 POP 1 4X25WRMS PT     
20191002,999NLW01,25699,RADIO AUTOMOTIVO P3336 POP BT 4X25W PT       
20191002,94362401,25699,RADIO AUTOMOTIVO P3336 POP BT 4X25W PT       
20191001,35057001,25699,RADIO AUTOMOTIVO P3336 POP BT 4X25W PT       
20191001,29989901,25699,RADIO AUTOMOTIVO P3336 POP BT 4X25W PT       
20191001,99N7RQ01,25699,RADIO AUTOMOTIVO P3336 POP BT 4X25W PT       
20191001,9OQXU101,25699,RADIO AUTOMOTIVO P3336 POP BT 4X25W PT       
20191001,9O0VQ801,25699,RADIO AUTOMOTIVO P3336 POP BT 4X25W PT       
20191001,99CX7801,25699,RADIO AUTOMOTIVO P3336 POP BT 4X25W PT       
20191001,9OEGQD01,25699,RADIO AUTOMOTIVO P3336 POP BT 4X25W PT       
20191001,9O6WRL01,24525,BOX LINE OCM 3915 ONEAL                      
20190930,9O6FUG01,25699,RADIO AUTOMOTIVO P3336 POP BT 4X25W PT       
20190930,9OQX1A01,25699,RADIO AUTOMOTIVO P3336 POP BT 4X25W PT       
20190930,99EKZH01,25699,RADIO AUTOMOTIVO P3336 POP BT 4X25W PT       
20190930,99DHPG01,25699,RADIO AUTOMOTIVO P3336 POP BT 4X25W PT       
20190928,45231301,26178,"TELEVISOR SMART 49"" 49SK6200 HD LED 4K SEMP T"
20190928,9OE18C01,25699,RADIO AUTOMOTIVO P3336 POP BT 4X25W PT       
20190928,9O6DWN01,25699,RADIO AUTOMOTIVO P3336 POP BT 4X25W PT       
20190928,9OQW6M01,25699,RADIO AUTOMOTIVO P3336 POP BT 4X25W PT       
20190928,99H0BU01,25981,SMARTPHONE SAMSUNG GAL A10  A105 32GB PRETO  
20190928,99G5RX01,25699,RADIO AUTOMOTIVO P3336 POP BT 4X25W PT       
20190928,9O3GF101,25699,RADIO AUTOMOTIVO P3336 POP BT 4X25W PT       
20190928,9NYJZN01,25699,RADIO AUTOMOTIVO P3336 POP BT 4X25W PT       
20190928,95549901,25699,RADIO AUTOMOTIVO P3336 POP BT 4X25W PT       
20190927,9OFMCM01,25699,RADIO AUTOMOTIVO P3336 POP BT 4X25W PT       
20190927,22318801,25671,SMARTPHONE LG K11 PLUS DB PRETO              
20190927,22318801,26244,CAPINHA LG K11                               
20190926,9NZKY701,25699,RADIO AUTOMOTIVO P3336 POP BT 4X25W PT       
20190926,43883601,25699,RADIO AUTOMOTIVO P3336 POP BT 4X25W PT       
20190926,9OBQQ701,25699,RADIO AUTOMOTIVO P3336 POP BT 4X25W PT       
20190926,46878001,25699,RADIO AUTOMOTIVO P3336 POP BT 4X25W PT       
20190926,49988801,25699,RADIO AUTOMOTIVO P3336 POP BT 4X25W PT       
20190926,9OMDEJ01,25699,RADIO AUTOMOTIVO P3336 POP BT 4X25W PT       
20190926,00227901,25699,RADIO AUTOMOTIVO P3336 POP BT 4X25W PT       
20190926,9OQV4301,25699,RADIO AUTOMOTIVO P3336 POP BT 4X25W PT       
20190926,19059201,25699,RADIO AUTOMOTIVO P3336 POP BT 4X25W PT       
20190926,99KMU801,21653,SUPORTE TV UNIVERSAL LCD/LED 10 A 71 SBRUB750
20190926,37245201,25699,RADIO AUTOMOTIVO P3336 POP BT 4X25W PT       
20190925,99KEGM01,25999,RADIO AUTOMOTIVO P3335 POP 1 4X25WRMS PT     
20190925,99KEGM01,25999,RADIO AUTOMOTIVO P3335 POP 1 4X25WRMS PT     
20190925,99G7UX01,25699,RADIO AUTOMOTIVO P3336 POP BT 4X25W PT       
20190925,9OOHHN01,25699,RADIO AUTOMOTIVO P3336 POP BT 4X25W PT       
20190925,10393501,25699,RADIO AUTOMOTIVO P3336 POP BT 4X25W PT       
20190925,9OA2WJ01,25699,RADIO AUTOMOTIVO P3336 POP BT 4X25W PT       
20190924,9O2NGC01,25699,RADIO AUTOMOTIVO P3336 POP BT 4X25W PT       
20190924,9O2NGC01,26013,SMARTPHONE SAMSUNG GAL A50  A505 64GB BRANCO 
20190924,99KB3N01,25699,RADIO AUTOMOTIVO P3336 POP BT 4X25W PT       
20190924,9OC2GI01,25699,RADIO AUTOMOTIVO P3336 POP BT 4X25W PT       
20190924,9OHTKG01,25699,RADIO AUTOMOTIVO P3336 POP BT 4X25W PT       
20190924,9NXFPB01,25699,RADIO AUTOMOTIVO P3336 POP BT 4X25W PT       
20190924,02945701,25699,RADIO AUTOMOTIVO P3336 POP BT 4X25W PT       
20190923,99GTC701,25699,RADIO AUTOMOTIVO P3336 POP BT 4X25W PT       
20190923,9OQTN501,25699,RADIO AUTOMOTIVO P3336 POP BT 4X25W PT       
20190923,9OQTL701,25172,SMARTPHONE LG K9 TV LM-X210BMW PRETO         
20190923,9OQTL701,26245,KIT CAPA E PELICULA LG K9TV                  
20190923,9OQTL701,25699,RADIO AUTOMOTIVO P3336 POP BT 4X25W PT       
20190923,9OQTL701,25546,"TELEVISOR SMART 32"" TC32FS600B PANASONIC     "
20190923,9OQTL101,25699,RADIO AUTOMOTIVO P3336 POP BT 4X25W PT       
20190923,9OQTL101,21821,PEN DRIVE NANO 16GB PD054 PRETO              
20190923,49409601,25699,RADIO AUTOMOTIVO P3336 POP BT 4X25W PT       
20190923,9O0LHG01,25699,RADIO AUTOMOTIVO P3336 POP BT 4X25W PT       
20190923,99KEGM01,25699,RADIO AUTOMOTIVO P3336 POP BT 4X25W PT       
20190923,88755201,25699,RADIO AUTOMOTIVO P3336 POP BT 4X25W PT       
20190921,82671001,25699,RADIO AUTOMOTIVO P3336 POP BT 4X25W PT       
20190921,61915601,20723,BOOMBOX AZ391X/78 PORTATIL PHILIPS           
20190921,9OQSWB01,25546,"TELEVISOR SMART 32"" TC32FS600B PANASONIC     "
20190921,43938701,20443,ALTO FALANTE TS1331                          
20190921,43938701,25699,RADIO AUTOMOTIVO P3336 POP BT 4X25W PT       
20190921,9OPKHZ01,25729,SMARTPHONE SAMSUNG GAL J4 CORE 16GB COBRE    
20190921,9OPKHZ01,25699,RADIO AUTOMOTIVO P3336 POP BT 4X25W PT       
20190921,9O67J301,25699,RADIO AUTOMOTIVO P3336 POP BT 4X25W PT       
20190921,99INAZ01,25982,SMARTPHONE SAMSUNG GAL A10  A105 32GB AZUL   
20190921,47919001,25699,RADIO AUTOMOTIVO P3336 POP BT 4X25W PT       
20190921,99FM5F01,25699,RADIO AUTOMOTIVO P3336 POP BT 4X25W PT       
20190921,51369201,25699,RADIO AUTOMOTIVO P3336 POP BT 4X25W PT       
20190920,50639801,25699,RADIO AUTOMOTIVO P3336 POP BT 4X25W PT       
20190920,72090701,25699,RADIO AUTOMOTIVO P3336 POP BT 4X25W PT       
20190920,77428401,25871,SMARTPHONE LG K12 PLUS PRETO                 
20190920,99KMU801,25699,RADIO AUTOMOTIVO P3336 POP BT 4X25W PT       
20190919,9O19Q001,25699,RADIO AUTOMOTIVO P3336 POP BT 4X25W PT       
20190919,99D22Z01,25699,RADIO AUTOMOTIVO P3336 POP BT 4X25W PT       
20190919,60090101,25699,RADIO AUTOMOTIVO P3336 POP BT 4X25W PT       
20190917,67404601,25366,TABLET NB728 MINI MS40G PRETO                
20190917,99BGU201,23778,SMARTPHONE MOTOROLA MOTO C PLUS XT1726 DR    
20190917,14540601,25699,RADIO AUTOMOTIVO P3336 POP BT 4X25W PT       
20190917,9O3BGS01,19729,PEN DRIVE 8GB PD587 TWIST PRETO              
20190916,25486501,25699,RADIO AUTOMOTIVO P3336 POP BT 4X25W PT       
20190914,53723001,21256,CELULAR BLU TANK II T193 DB PRETO AZUL       
20190914,99GWKQ01,21256,CELULAR BLU TANK II T193 DB PRETO AZUL       
20190913,999UFI01,25699,RADIO AUTOMOTIVO P3336 POP BT 4X25W PT       
20190913,95670701,25726,SMARTPHONE SAMSUNG GAL J2 CORE 16GB PRETO    
20190912,21367301,26004,SMARTPHONE SAMSUNG GAL A20  A205 32GB AZUL   
20190912,9OHHLF01,25699,RADIO AUTOMOTIVO P3336 POP BT 4X25W PT       
20190912,25192501,25699,RADIO AUTOMOTIVO P3336 POP BT 4X25W PT       
20190911,99FI1501,23777,RADIO RECEPTOR RM-PUSM81AC USB               
20190910,19896601,21029,ANTENA 1.70 MT MULTIPONTO CENTURY            
20190910,19896601,24716,RECEPTOR MIDIA BOX HDTV B3                   
20190909,99IH0001,25699,RADIO AUTOMOTIVO P3336 POP BT 4X25W PT       
20190905,91054201,19729,PEN DRIVE 8GB PD587 TWIST PRETO              
20190905,63036601,25981,SMARTPHONE SAMSUNG GAL A10  A105 32GB PRETO  
20190905,99FI1501,25545,"TELEVISOR SMART 40"" TC40FS600B PANASONIC     "
20190904,99ATT401,25699,RADIO AUTOMOTIVO P3336 POP BT 4X25W PT       
20190902,99GZ3801,25699,RADIO AUTOMOTIVO P3336 POP BT 4X25W PT       
20190902,54486401,22752,CELULAR RIU FLIP 2.4 DB DOURADO              
20190902,99EO4001,21653,SUPORTE TV UNIVERSAL LCD/LED 10 A 71 SBRUB750
20190831,9NYJZN01,26247,SMARTPHONE LG K8 PLUS PRETO                  
20190831,88446401,19729,PEN DRIVE 8GB PD587 TWIST PRETO              
20190831,9OJG7701,25366,TABLET NB728 MINI MS40G PRETO                
20190830,9OF7LT01,25730,SMARTPHONE SAMSUNG GAL J4 CORE 16GB AZUL     
20190830,9NZ87C01,25699,RADIO AUTOMOTIVO P3336 POP BT 4X25W PT       
20190830,9OQHFD01,25699,RADIO AUTOMOTIVO P3336 POP BT 4X25W PT       
20190830,99I2TC01,25982,SMARTPHONE SAMSUNG GAL A10  A105 32GB AZUL   
20190829,23136201,19634,RADIO NBX-06 CONECT STAR MONDIAL             
20190829,11855101,25699,RADIO AUTOMOTIVO P3336 POP BT 4X25W PT       
20190829,99GZPI01,26247,SMARTPHONE LG K8 PLUS PRETO                  
20190829,99GZPI01,26247,SMARTPHONE LG K8 PLUS PRETO                  
20190828,9OHFYD01,25699,RADIO AUTOMOTIVO P3336 POP BT 4X25W PT       
20190828,99BYNP01,25699,RADIO AUTOMOTIVO P3336 POP BT 4X25W PT       
20190828,72457201,25699,RADIO AUTOMOTIVO P3336 POP BT 4X25W PT       
20190828,61915601,25699,RADIO AUTOMOTIVO P3336 POP BT 4X25W PT       
20190827,9O28DC01,25699,RADIO AUTOMOTIVO P3336 POP BT 4X25W PT       
20190827,87708501,25240,PEN DRIVE MC161 2X1 LEITOR USB SD 8G         
20190827,99N7JT01,25699,RADIO AUTOMOTIVO P3336 POP BT 4X25W PT       
20190826,99DQDM01,25699,RADIO AUTOMOTIVO P3336 POP BT 4X25W PT       
20190826,13375501,25699,RADIO AUTOMOTIVO P3336 POP BT 4X25W PT       
20190824,99A2GN01,25699,RADIO AUTOMOTIVO P3336 POP BT 4X25W PT       
20190824,41022501,26247,SMARTPHONE LG K8 PLUS PRETO                  
20190824,9OPUVR01,25699,RADIO AUTOMOTIVO P3336 POP BT 4X25W PT       
20190824,999R3M01,25699,RADIO AUTOMOTIVO P3336 POP BT 4X25W PT       
20190823,25070701,21821,PEN DRIVE NANO 16GB PD054 PRETO              
20190823,25070701,25699,RADIO AUTOMOTIVO P3336 POP BT 4X25W PT       
20190823,9O8GZP01,25699,RADIO AUTOMOTIVO P3336 POP BT 4X25W PT       
20190823,9OP2JF01,25699,RADIO AUTOMOTIVO P3336 POP BT 4X25W PT       
20190822,9O8E7K01,25699,RADIO AUTOMOTIVO P3336 POP BT 4X25W PT       
20190821,99D8ZG01,25699,RADIO AUTOMOTIVO P3336 POP BT 4X25W PT       
20190821,9OBFFX01,25699,RADIO AUTOMOTIVO P3336 POP BT 4X25W PT       
20190821,99H64N01,25699,RADIO AUTOMOTIVO P3336 POP BT 4X25W PT       
20190820,99EO8201,26222,CELULAR INFINITY W201 PRETO                  
20190820,9NZIJP01,26004,SMARTPHONE SAMSUNG GAL A20  A205 32GB AZUL   
20190820,95871301,25699,RADIO AUTOMOTIVO P3336 POP BT 4X25W PT       
20190820,9OA94P01,25699,RADIO AUTOMOTIVO P3336 POP BT 4X25W PT       
20190820,999NCK01,21029,ANTENA 1.70 MT MULTIPONTO CENTURY            
20190820,999NCK01,24716,RECEPTOR MIDIA BOX HDTV B3                   
20190819,20744301,24526,BOX LINE OCM 3910 ONEAL                      
20190819,11492601,25999,RADIO AUTOMOTIVO P3335 POP 1 4X25WRMS PT     
20190819,9OPXIH01,25699,RADIO AUTOMOTIVO P3336 POP BT 4X25W PT       
20190819,93435801,22618,CELULAR RIU-I R200 DB PRETO-AMARELO          
20190817,9OCWWY01,25699,RADIO AUTOMOTIVO P3336 POP BT 4X25W PT       
20190817,05941901,25699,RADIO AUTOMOTIVO P3336 POP BT 4X25W PT       
20190817,90419401,25699,RADIO AUTOMOTIVO P3336 POP BT 4X25W PT       
20190817,99FM5F01,25173,SMARTPHONE LG K9 TV LM-X210BMW INDIGO        
20190815,9OQAW201,25699,RADIO AUTOMOTIVO P3336 POP BT 4X25W PT       
20190815,99DVZI01,24475,RADIO AUTOMOTIVO P3322 BLUETOOTH             
20190815,05659101,25699,RADIO AUTOMOTIVO P3336 POP BT 4X25W PT       
20190814,9OQAAR01,25699,RADIO AUTOMOTIVO P3336 POP BT 4X25W PT       
20190814,88446401,25699,RADIO AUTOMOTIVO P3336 POP BT 4X25W PT       
20190814,59794301,25699,RADIO AUTOMOTIVO P3336 POP BT 4X25W PT       
20190814,9OJ45U01,25699,RADIO AUTOMOTIVO P3336 POP BT 4X25W PT       
20190813,9OQ9IA01,25699,RADIO AUTOMOTIVO P3336 POP BT 4X25W PT       
20190813,99I0D601,25354,"TELEVISOR SMART 32"" UN32J4290 SAMSUNG        "
20190812,87708501,25699,RADIO AUTOMOTIVO P3336 POP BT 4X25W PT       
20190812,9OMQ8201,25983,SMARTPHONE SAMSUNG GAL A10  A105 32GB VERMELH
20190812,35734201,25699,RADIO AUTOMOTIVO P3336 POP BT 4X25W PT       
20190811,99EPON01,22616,CELULAR RIU-I R200 DB PRETO-AZUL             
20190811,75075201,25699,RADIO AUTOMOTIVO P3336 POP BT 4X25W PT       
20190810,70470201,25699,RADIO AUTOMOTIVO P3336 POP BT 4X25W PT       
20190810,99AAWH01,25699,RADIO AUTOMOTIVO P3336 POP BT 4X25W PT       
20190810,9OEWAK01,25699,RADIO AUTOMOTIVO P3336 POP BT 4X25W PT       
20190810,60831601,25699,RADIO AUTOMOTIVO P3336 POP BT 4X25W PT       
20190810,99QJPK01,25699,RADIO AUTOMOTIVO P3336 POP BT 4X25W PT       
20190810,99MYHK01,25699,RADIO AUTOMOTIVO P3336 POP BT 4X25W PT       
20190810,83253101,25699,RADIO AUTOMOTIVO P3336 POP BT 4X25W PT       
20190810,9OQ8IX01,25481,SMARTPHONE LG K9 TV LM-X210BMW DOURADO       
20190810,9OQ8NQ01,25699,RADIO AUTOMOTIVO P3336 POP BT 4X25W PT       
20190810,9OIVIT01,25699,RADIO AUTOMOTIVO P3336 POP BT 4X25W PT       
20190810,9OEZO401,25699,RADIO AUTOMOTIVO P3336 POP BT 4X25W PT       
20190810,9OG4Y201,25699,RADIO AUTOMOTIVO P3336 POP BT 4X25W PT       
20190809,62691701,19729,PEN DRIVE 8GB PD587 TWIST PRETO              
20190809,99JN5701,25699,RADIO AUTOMOTIVO P3336 POP BT 4X25W PT       
20190809,99PRSZ01,25699,RADIO AUTOMOTIVO P3336 POP BT 4X25W PT       
20190809,99382801,25699,RADIO AUTOMOTIVO P3336 POP BT 4X25W PT       
20190809,99MBU101,25699,RADIO AUTOMOTIVO P3336 POP BT 4X25W PT       
20190809,9OQ78201,25699,RADIO AUTOMOTIVO P3336 POP BT 4X25W PT       
20190809,89643501,25699,RADIO AUTOMOTIVO P3336 POP BT 4X25W PT       
20190809,11492601,25999,RADIO AUTOMOTIVO P3335 POP 1 4X25WRMS PT     
20190809,11492601,25999,RADIO AUTOMOTIVO P3335 POP 1 4X25WRMS PT     
20190809,60090101,25999,RADIO AUTOMOTIVO P3335 POP 1 4X25WRMS PT     
20190809,99A3A201,25699,RADIO AUTOMOTIVO P3336 POP BT 4X25W PT       
20190809,99JFX801,25699,RADIO AUTOMOTIVO P3336 POP BT 4X25W PT       
20190809,99J6F201,25699,RADIO AUTOMOTIVO P3336 POP BT 4X25W PT       
20190809,99J6F201,21821,PEN DRIVE NANO 16GB PD054 PRETO              
20190809,9O45BF01,25699,RADIO AUTOMOTIVO P3336 POP BT 4X25W PT       
20190809,9OD3LB01,25699,RADIO AUTOMOTIVO P3336 POP BT 4X25W PT       
20190809,90419401,25872,SMARTPHONE LG K12 PLUS  AZUL                 
20190809,63926201,25699,RADIO AUTOMOTIVO P3336 POP BT 4X25W PT       
20190809,99F05E01,25699,RADIO AUTOMOTIVO P3336 POP BT 4X25W PT       
20190809,46723101,23816,SMARTOGO PH209 EARPHONE                      
20190809,93435801,25699,RADIO AUTOMOTIVO P3336 POP BT 4X25W PT       
20190809,55252301,25699,RADIO AUTOMOTIVO P3336 POP BT 4X25W PT       
20190809,9NZDCU01,25699,RADIO AUTOMOTIVO P3336 POP BT 4X25W PT       
20190809,9NZDCU01,21196,SUPORTE UNIX UNI 100                         
20190808,99500801,25699,RADIO AUTOMOTIVO P3336 POP BT 4X25W PT       
20190808,08805901,25699,RADIO AUTOMOTIVO P3336 POP BT 4X25W PT       
20190808,9OQ6PD01,25699,RADIO AUTOMOTIVO P3336 POP BT 4X25W PT       
20190808,75924501,25699,RADIO AUTOMOTIVO P3336 POP BT 4X25W PT       
20190808,9OQ6IH01,25699,RADIO AUTOMOTIVO P3336 POP BT 4X25W PT       
20190808,99KNDA01,25241,PEN DRIVE MC162 2X1 LEITOR USB SD 16GB       
20190808,9O31RY01,25699,RADIO AUTOMOTIVO P3336 POP BT 4X25W PT       
20190808,61873501,25699,RADIO AUTOMOTIVO P3336 POP BT 4X25W PT       
20190808,09558801,25699,RADIO AUTOMOTIVO P3336 POP BT 4X25W PT       
20190808,99EDOY01,25699,RADIO AUTOMOTIVO P3336 POP BT 4X25W PT       
20190808,52960401,25699,RADIO AUTOMOTIVO P3336 POP BT 4X25W PT       
20190807,99D6U001,25699,RADIO AUTOMOTIVO P3336 POP BT 4X25W PT       
20190807,99NE8A01,26179,"TELEVISOR SMART 32"" S3900S SEMP TCL          "
20190807,45235601,25699,RADIO AUTOMOTIVO P3336 POP BT 4X25W PT       
20190807,99FRYP01,25699,RADIO AUTOMOTIVO P3336 POP BT 4X25W PT       
20190807,9OQ6FD01,25699,RADIO AUTOMOTIVO P3336 POP BT 4X25W PT       
20190807,23721701,25699,RADIO AUTOMOTIVO P3336 POP BT 4X25W PT       
20190807,99MB7D01,25982,SMARTPHONE SAMSUNG GAL A10  A105 32GB AZUL   
20190807,99JMBR01,25699,RADIO AUTOMOTIVO P3336 POP BT 4X25W PT       
20190806,02186201,25699,RADIO AUTOMOTIVO P3336 POP BT 4X25W PT       
20190806,9OQ5HB01,25999,RADIO AUTOMOTIVO P3335 POP 1 4X25WRMS PT     
20190806,9OQ5HB01,25699,RADIO AUTOMOTIVO P3336 POP BT 4X25W PT       
20190806,36964201,25699,RADIO AUTOMOTIVO P3336 POP BT 4X25W PT       
20190806,9OP5SB01,25699,RADIO AUTOMOTIVO P3336 POP BT 4X25W PT       
20190806,91054201,25699,RADIO AUTOMOTIVO P3336 POP BT 4X25W PT       
20190806,9O8TAH01,25699,RADIO AUTOMOTIVO P3336 POP BT 4X25W PT       
20190805,78731401,25699,RADIO AUTOMOTIVO P3336 POP BT 4X25W PT       
20190805,99EPON01,25699,RADIO AUTOMOTIVO P3336 POP BT 4X25W PT       
20190805,9NZMSR01,26008,SMARTPHONE SAMSUNG GAL A30  A305 64GB BRANCO 
20190805,9OJG7701,25699,RADIO AUTOMOTIVO P3336 POP BT 4X25W PT       
20190803,28966901,23725,AUTO RADIO DVH7880                           
20190803,66969101,25699,RADIO AUTOMOTIVO P3336 POP BT 4X25W PT       
20190803,09431401,25193,SMARTPHONE SAMSUNG GAL J6 32GB PRATA         
20190803,99MEQB01,25699,RADIO AUTOMOTIVO P3336 POP BT 4X25W PT       
20190803,99KKIB01,25699,RADIO AUTOMOTIVO P3336 POP BT 4X25W PT       
20190803,9OQ4K901,25699,RADIO AUTOMOTIVO P3336 POP BT 4X25W PT       
20190803,03274001,23278,CELULAR RIU FLIP 2.4 DB VERMELHO             
20190802,60740201,25699,RADIO AUTOMOTIVO P3336 POP BT 4X25W PT       
20190802,99GO2T01,25699,RADIO AUTOMOTIVO P3336 POP BT 4X25W PT       
20190802,95099701,25535,SMARTPHONE SAMSUNG GAL J2 PRIME S/ TV 16GB DR
20190802,26069401,25699,RADIO AUTOMOTIVO P3336 POP BT 4X25W PT       
20190801,9OOFNZ01,25699,RADIO AUTOMOTIVO P3336 POP BT 4X25W PT       
20190801,54486401,25699,RADIO AUTOMOTIVO P3336 POP BT 4X25W PT       
20190801,999T5301,25699,RADIO AUTOMOTIVO P3336 POP BT 4X25W PT       
20190801,18359501,25699,RADIO AUTOMOTIVO P3336 POP BT 4X25W PT       
20190801,9OPZGL01,25699,RADIO AUTOMOTIVO P3336 POP BT 4X25W PT       
20190801,99E96N01,25580,SMARTPHONE SAMSUNG GAL J6 PLUS 32GB PRETO    
20190801,99E96N01,25581,SMARTPHONE SAMSUNG GAL J6 PLUS 32GB VERMELHO 
